FECHA,CONCEPTO,CEDULA,SERIE,NOTA DE CREDITO,AFECTADA,NUMERO DE Z,FACTURA,VENTA,TIPO
2023-12-04,RESUMEN DE VENTAS ZZN0027439,,00000001,2118,,,,-6149.64,REDUCE EL TOTAL DE ESE DIA
2023-12-14,RESUMEN DE VENTAS ZZN0027439,,00000002,3046,,,,-4961980.47,REDUCE EL TOTAL DE ESE DIA
2023-12-19,RESUMEN DE VENTAS ZZN0027439,,00000003,3499,,,,-11400.87,REDUCE EL TOTAL DE ESE DIA
2023-12-22,RESUMEN DE VENTAS ZZN0027439,,00000004,3773,,,,-9946.84,REDUCE EL TOTAL DE ESE DIA
2024-01-10,RESUMEN DE VENTAS ZZN0027439,,00000005,4643,,,,-5343.05,REDUCE EL TOTAL DE ESE DIA
2024-01-22,RESUMEN DE VENTAS ZZN0027439,,00000008,5622,,,,-6469.06,REDUCE EL TOTAL DE ESE DIA
2024-02-02,RESUMEN DE VENTAS ZZN0027439,,00000010,6703,,,,-3586.77,REDUCE EL TOTAL DE ESE DIA
2024-02-03,RESUMEN DE VENTAS ZZN0027439,,00000011,6831,,,,-13818.12,REDUCE EL TOTAL DE ESE DIA
2024-02-07,RESUMEN DE VENTAS ZZN0027439,,00000012,7211,,,,-8536.15,REDUCE EL TOTAL DE ESE DIA
2024-02-14,RESUMEN DE VENTAS ZZN0027439,,00000013,7727,,,,-2779.94,REDUCE EL TOTAL DE ESE DIA
2024-02-19,RESUMEN DE VENTAS ZZN0027439,,00000014,8258,,,,-2579.43,REDUCE EL TOTAL DE ESE DIA
2024-02-19,RESUMEN DE VENTAS ZZN0028263,,00000002,8149,,,,-2378.16,REDUCE EL TOTAL DE ESE DIA
2024-02-24,RESUMEN DE VENTAS ZZN0027439,,00000015,8894,,,,-4292.32,REDUCE EL TOTAL DE ESE DIA
2024-03-07,RESUMEN DE VENTAS ZZN0028263,,00000003,10090,,,,-56061.04,REDUCE EL TOTAL DE ESE DIA
2024-03-12,RESUMEN DE VENTAS ZZN0027439,,00000016,10841,,,,-29141.42,REDUCE EL TOTAL DE ESE DIA
2024-03-12,RESUMEN DE VENTAS ZZN0028263,,00000004,10579,,,,-6878.00,REDUCE EL TOTAL DE ESE DIA
2024-03-14,RESUMEN DE VENTAS ZZN0028263,,00000005,10814,,,,-6555.08,REDUCE EL TOTAL DE ESE DIA
2024-03-15,RESUMEN DE VENTAS ZZN0028263,,00000006,10823,,,,-7489.03,REDUCE EL TOTAL DE ESE DIA
2024-03-18,RESUMEN DE VENTAS ZZN0028263,,00000007,11177,,,,-13376.76,REDUCE EL TOTAL DE ESE DIA
2024-04-01,RESUMEN DE VENTAS ZZN0027439,,00000017,12986,,,,-6885.95,REDUCE EL TOTAL DE ESE DIA
2024-04-05,RESUMEN DE VENTAS ZZN0027439,,00000018,13194,,,,-4587.96,REDUCE EL TOTAL DE ESE DIA
2024-04-12,RESUMEN DE VENTAS ZZN0027439,,00000019,13979,,,,-15926.92,REDUCE EL TOTAL DE ESE DIA
2024-04-12,RESUMEN DE VENTAS ZZN0028263,,00000008,13657,,,,-5857.41,REDUCE EL TOTAL DE ESE DIA
2024-05-07,RESUMEN DE VENTAS ZZN0027439,,00000021,16610,,,,-3576.55,REDUCE EL TOTAL DE ESE DIA
2024-05-11,RESUMEN DE VENTAS ZZN0027439,,00000022,17569,,,,-666735.86,REDUCE EL TOTAL DE ESE DIA
2024-05-14,RESUMEN DE VENTAS ZZN0028263,,00000009,18198,,,,-1392.93,REDUCE EL TOTAL DE ESE DIA
2024-05-18,RESUMEN DE VENTAS ZZN0028263,,00000010,19432,,,,-15157.02,REDUCE EL TOTAL DE ESE DIA
2024-05-24,RESUMEN DE VENTAS ZZN0028263,,00000011,20169,,,,-4345.88,REDUCE EL TOTAL DE ESE DIA
2024-06-04,RESUMEN DE VENTAS ZZN0028263,,00000012,21987,,,,-1767.02,REDUCE EL TOTAL DE ESE DIA
2024-06-05,RESUMEN DE VENTAS ZZN0028263,,00000013,22350,,,,-1092.55,REDUCE EL TOTAL DE ESE DIA
2024-06-09,RESUMEN DE VENTAS ZZN0028263,,00000014,23190,,,,-2881.92,REDUCE EL TOTAL DE ESE DIA
2024-06-10,RESUMEN DE VENTAS ZZN0028263,,00000015,23308,,,,-10517.17,REDUCE EL TOTAL DE ESE DIA
2024-06-14,RESUMEN DE VENTAS ZZN0028263,,00000016,24285,,,,-6085.78,REDUCE EL TOTAL DE ESE DIA
2024-06-18,RESUMEN DE VENTAS ZZN0028263,,00000017,25243,,,,-10902.61,REDUCE EL TOTAL DE ESE DIA
2024-06-18,RESUMEN DE VENTAS ZZN0028263,,00000018,25287,,,,-1687.97,REDUCE EL TOTAL DE ESE DIA
2024-06-20,RESUMEN DE VENTAS ZZN0028263,,00000019,25710,,,,-4205.53,REDUCE EL TOTAL DE ESE DIA
2024-06-21,RESUMEN DE VENTAS ZZN0028263,,00000020,26014,,,,-23641236.42,REDUCE EL TOTAL DE ESE DIA
2024-06-21,RESUMEN DE VENTAS ZZN0028263,,00000021,26020,,,,-376884.12,REDUCE EL TOTAL DE ESE DIA
2024-06-29,RESUMEN DE VENTAS ZZN0028263,,00000022,27690,,,,-16190.72,REDUCE EL TOTAL DE ESE DIA
2024-07-03,RESUMEN DE VENTAS ZZN0028263,,00000023,28544,,,,-3184.71,REDUCE EL TOTAL DE ESE DIA
2024-07-05,RESUMEN DE VENTAS ZZN0028263,,00000024,29015,,,,-2953.66,REDUCE EL TOTAL DE ESE DIA
2024-07-25,RESUMEN DE VENTAS ZZN0028263,,00000025,30850,,,,-12791.81,REDUCE EL TOTAL DE ESE DIA
2024-09-03,RESUMEN DE VENTAS ZZN0028263,,00000027,33853,,,,-13516.47,REDUCE EL TOTAL DE ESE DIA
2024-09-03,RESUMEN DE VENTAS ZZN0028263,,00000026,33864,,,,-6371.49,REDUCE EL TOTAL DE ESE DIA
2024-11-22,RESUMEN DE VENTAS ZZN0028263,,00000028,44443,,,,-921768546.58,REDUCE EL TOTAL DE ESE DIA
2024-12-01,RESUMEN DE VENTAS ZZN0028263,,00000029,45557,,,,-55826563.00,REDUCE EL TOTAL DE ESE DIA
2025-01-09,RESUMEN DE VENTAS ZZN0028263,,00000030,00049719,,,,-564230223.78,REDUCE EL TOTAL DE ESE DIA
2025-03-08,RESUMEN DE VENTAS ZZN0028263,,00000031,57600,,,,-102952.59,REDUCE EL TOTAL DE ESE DIA
2025-03-12,RESUMEN DE VENTAS ZZN0028263,,00000032,58272,,,,-282679.75,REDUCE EL TOTAL DE ESE DIA
2025-03-25,RESUMEN DE VENTAS ZZN0028263,,00000033,60481,,,,-123651234.71,REDUCE EL TOTAL DE ESE DIA
2025-03-31,RESUMEN DE VENTAS ZZN0028263,,00000034,61357,,,,-1234651234.65,REDUCE EL TOTAL DE ESE DIA
2023-11-03,RESUMEN DE VENTAS ZZN0027439,,,,,0001,1-1,0.70,FISCAL RANGO
2023-11-03,RESUMEN DE VENTAS ZZN0028263,,,,,0001,1-1,0.70,FISCAL RANGO
2023-11-06,RESUMEN DE VENTAS ZZN0027439,,,,,0002,2-48,25152.30,FISCAL RANGO
2023-11-06,RESUMEN DE VENTAS ZZN0028263,,,,,0002,2-44,28970.23,FISCAL RANGO
2023-11-07,RESUMEN DE VENTAS ZZN0027439,,,,,0003,49-130,18185.99,FISCAL RANGO
2023-11-07,RESUMEN DE VENTAS ZZN0028263,,,,,0003,45-70,18932.92,FISCAL RANGO
2023-11-08,RESUMEN DE VENTAS ZZN0028263,,,,,0004,71-128,20342.84,FISCAL RANGO
2023-11-08,RESUMEN DE VENTAS ZZN0027439,,,,,0004,131-204,24408.59,FISCAL RANGO
2023-11-09,RESUMEN DE VENTAS ZZN0028263,,,,,0005,129-163,12264.59,FISCAL RANGO
2023-11-09,RESUMEN DE VENTAS ZZN0027439,,,,,0005,205-282,46091.02,FISCAL RANGO
2023-11-10,RESUMEN DE VENTAS ZZN0028263,,,,,0006,164-228,25384.27,FISCAL RANGO
2023-11-10,RESUMEN DE VENTAS ZZN0027439,,,,,0006,283-370,59511.15,FISCAL RANGO
2023-11-11,RESUMEN DE VENTAS ZZN0028263,,,,,0007,229-306,45989.36,FISCAL RANGO
2023-11-11,RESUMEN DE VENTAS ZZN0027439,,,,,0007,371-471,53859.06,FISCAL RANGO
2023-11-12,RESUMEN DE VENTAS ZZN0028263,,,,,0008,307-328,7997.06,FISCAL RANGO
2023-11-12,RESUMEN DE VENTAS ZZN0027439,,,,,0008,472-521,24709.49,FISCAL RANGO
2023-11-13,RESUMEN DE VENTAS ZZN0028263,,,,,0009,329-380,26450.69,FISCAL RANGO
2023-11-13,RESUMEN DE VENTAS ZZN0027439,,,,,0009,522-627,65532.85,FISCAL RANGO
2023-11-14,RESUMEN DE VENTAS ZZN0027439,,,,,0010,628-648,8380.53,FISCAL RANGO
2023-11-14,RESUMEN DE VENTAS ZZN0028263,,,,,0010,381-472,52177.04,FISCAL RANGO
2023-11-15,RESUMEN DE VENTAS ZZN0028263,,,,,0011,473-541,31751.43,FISCAL RANGO
2023-11-15,RESUMEN DE VENTAS ZZN0027439,,,,,0011,649-713,54128.12,FISCAL RANGO
2023-11-16,RESUMEN DE VENTAS ZZN0028263,,,,,0012,542-587,21699.11,FISCAL RANGO
2023-11-16,RESUMEN DE VENTAS ZZN0027439,,,,,0012,714-772,32887.55,FISCAL RANGO
2023-11-17,RESUMEN DE VENTAS ZZN0028263,,,,,0013,588-653,33279.64,FISCAL RANGO
2023-11-17,RESUMEN DE VENTAS ZZN0027439,,,,,0013,773-842,33348.34,FISCAL RANGO
2023-11-18,RESUMEN DE VENTAS ZZN0028263,,,,,0014,654-732,35405.62,FISCAL RANGO
2023-11-18,RESUMEN DE VENTAS ZZN0027439,,,,,0014,843-926,44549.30,FISCAL RANGO
2023-11-19,RESUMEN DE VENTAS ZZN0028263,,,,,0015,733-754,11244.84,FISCAL RANGO
2023-11-19,RESUMEN DE VENTAS ZZN0027439,,,,,0015,927-960,17676.01,FISCAL RANGO
2023-11-20,RESUMEN DE VENTAS ZZN0027439,,,,,0016,961-1033,37700.97,FISCAL RANGO
2023-11-20,RESUMEN DE VENTAS ZZN0028263,,,,,0016,755-807,40656.25,FISCAL RANGO
2023-11-21,RESUMEN DE VENTAS ZZN0027439,,,,,0017,1034-1125,36591.14,FISCAL RANGO
2023-11-21,RESUMEN DE VENTAS ZZN0028263,,,,,0017,808-887,43791.77,FISCAL RANGO
2023-11-22,RESUMEN DE VENTAS ZZN0027439,,,,,0018,1126-1193,29171.00,FISCAL RANGO
2023-11-22,RESUMEN DE VENTAS ZZN0028263,,,,,0018,888-961,54120.75,FISCAL RANGO
2023-11-23,RESUMEN DE VENTAS ZZN0028263,,,,,0019,962-1027,37426.51,FISCAL RANGO
2023-11-23,RESUMEN DE VENTAS ZZN0027439,,,,,0019,1194-1273,43865.94,FISCAL RANGO
2023-11-24,RESUMEN DE VENTAS ZZN0028263,,,,,0020,1028-1078,65154.19,FISCAL RANGO
2023-11-24,RESUMEN DE VENTAS ZZN0027439,,,,,0020,1274-1358,66191.26,FISCAL RANGO
2023-11-25,RESUMEN DE VENTAS ZZN0027439,,,,,0021,1359-1450,43324.66,FISCAL RANGO
2023-11-25,RESUMEN DE VENTAS ZZN0028263,,,,,0021,1079-1176,60453.33,FISCAL RANGO
2023-11-26,RESUMEN DE VENTAS ZZN0027439,,,,,0022,1451-1490,19122.90,FISCAL RANGO
2023-11-26,RESUMEN DE VENTAS ZZN0028263,,,,,0022,1177-1243,33917.30,FISCAL RANGO
2023-11-27,RESUMEN DE VENTAS ZZN0028263,,,,,0023,1244-1310,40047.34,FISCAL RANGO
2023-11-27,RESUMEN DE VENTAS ZZN0027439,,,,,0023,1491-1585,125627.67,FISCAL RANGO
2023-11-28,RESUMEN DE VENTAS ZZN0028263,,,,,0024,1311-1398,48328.58,FISCAL RANGO
2023-11-28,RESUMEN DE VENTAS ZZN0027439,,,,,0024,1586-1668,57011.74,FISCAL RANGO
2023-11-29,RESUMEN DE VENTAS ZZN0027439,,,,,0025,1669-1727,33025.60,FISCAL RANGO
2023-11-29,RESUMEN DE VENTAS ZZN0028263,,,,,0025,1399-1489,39293.40,FISCAL RANGO
2023-11-30,RESUMEN DE VENTAS ZZN0027439,,,,,0026,1728-1796,31704.47,FISCAL RANGO
2023-11-30,RESUMEN DE VENTAS ZZN0028263,,,,,0026,1490-1554,34257.31,FISCAL RANGO
2023-12-01,RESUMEN DE VENTAS ZZN0027439,,,,,0027,1797-1880,71045.66,FISCAL RANGO
2023-12-01,RESUMEN DE VENTAS ZZN0028263,,,,,0027,1555-1658,76901.29,FISCAL RANGO
2023-12-02,RESUMEN DE VENTAS ZZN0027439,,,,,0028,1881-1978,62263.36,FISCAL RANGO
2023-12-02,RESUMEN DE VENTAS ZZN0028263,,,,,0028,1659-1836,99583.81,FISCAL RANGO
2023-12-03,RESUMEN DE VENTAS ZZN0028263,,,,,0029,1837-1878,21538.40,FISCAL RANGO
2023-12-03,RESUMEN DE VENTAS ZZN0027439,,,,,0029,1979-2013,33724.13,FISCAL RANGO
2023-12-04,RESUMEN DE VENTAS ZZN0028263,,,,,0030,1879-1966,74941.79,FISCAL RANGO
2023-12-04,RESUMEN DE VENTAS ZZN0027439,,,,,0030,2014-2121,78227.82,FISCAL RANGO
2023-12-05,RESUMEN DE VENTAS ZZN0028263,,,,,0031,1967-2130,92189.46,FISCAL RANGO
2023-12-05,RESUMEN DE VENTAS ZZN0027439,,,,,0031,2122-2213,93224.15,FISCAL RANGO
2023-12-06,RESUMEN DE VENTAS ZZN0028263,,,,,0032,2131-2211,38813.74,FISCAL RANGO
2023-12-06,RESUMEN DE VENTAS ZZN0027439,,,,,0032,2214-2319,62536.52,FISCAL RANGO
2023-12-07,RESUMEN DE VENTAS ZZN0027439,,,,,0033,2320-2391,62734.41,FISCAL RANGO
2023-12-07,RESUMEN DE VENTAS ZZN0028263,,,,,0033,2212-2323,63830.83,FISCAL RANGO
2023-12-08,RESUMEN DE VENTAS ZZN0028263,,,,,0034,2324-2431,47019.96,FISCAL RANGO
2023-12-08,RESUMEN DE VENTAS ZZN0027439,,,,,0034,2392-2506,56311.64,FISCAL RANGO
2023-12-09,RESUMEN DE VENTAS ZZN0027439,,,,,0035,2507-2585,60122.98,FISCAL RANGO
2023-12-09,RESUMEN DE VENTAS ZZN0028263,,,,,0035,2432-2590,81955.18,FISCAL RANGO
2023-12-10,RESUMEN DE VENTAS ZZN0028263,,,,,0036,2591-2634,19664.26,FISCAL RANGO
2023-12-10,RESUMEN DE VENTAS ZZN0027439,,,,,0036,2586-2649,33413.81,FISCAL RANGO
2023-12-11,RESUMEN DE VENTAS ZZN0027439,,,,,0037,2650-2759,76038.05,FISCAL RANGO
2023-12-11,RESUMEN DE VENTAS ZZN0028263,,,,,0037,2635-2747,80704.47,FISCAL RANGO
2023-12-12,RESUMEN DE VENTAS ZZN0028263,,,,,0038,2748-2850,59185.24,FISCAL RANGO
2023-12-12,RESUMEN DE VENTAS ZZN0027439,,,,,0038,2760-2870,60869.75,FISCAL RANGO
2023-12-13,RESUMEN DE VENTAS ZZN0027439,,,,,0039,2871-2965,53365.17,FISCAL RANGO
2023-12-13,RESUMEN DE VENTAS ZZN0028263,,,,,0039,2851-2961,75097.05,FISCAL RANGO
2023-12-14,RESUMEN DE VENTAS ZZN0028263,,,,,0040,2962-3077,64496.16,FISCAL RANGO
2023-12-14,RESUMEN DE VENTAS ZZN0027439,,,,,0040,2966-3046,5021434.16,FISCAL RANGO
2023-12-15,RESUMEN DE VENTAS ZZN0027439,,,,,0041,3047-3140,74360.59,FISCAL RANGO
2023-12-15,RESUMEN DE VENTAS ZZN0028263,,,,,0041,3078-3181,87259.44,FISCAL RANGO
2023-12-16,RESUMEN DE VENTAS ZZN0028263,,,,,0042,3182-3304,69165.83,FISCAL RANGO
2023-12-16,RESUMEN DE VENTAS ZZN0027439,,,,,0042,3141-3254,72822.06,FISCAL RANGO
2023-12-17,RESUMEN DE VENTAS ZZN0028263,,,,,0043,3305-3333,14356.19,FISCAL RANGO
2023-12-17,RESUMEN DE VENTAS ZZN0027439,,,,,0043,3255-3304,25723.41,FISCAL RANGO
2023-12-18,RESUMEN DE VENTAS ZZN0028263,,,,,0044,3334-3435,60662.25,FISCAL RANGO
2023-12-18,RESUMEN DE VENTAS ZZN0027439,,,,,0044,3305-3416,68538.25,FISCAL RANGO
2023-12-19,RESUMEN DE VENTAS ZZN0027439,,,,,0045,3417-3499,56673.68,FISCAL RANGO
2023-12-19,RESUMEN DE VENTAS ZZN0028263,,,,,0045,3436-3530,63717.93,FISCAL RANGO
2023-12-20,RESUMEN DE VENTAS ZZN0028263,,,,,0046,3531-3608,52256.18,FISCAL RANGO
2023-12-20,RESUMEN DE VENTAS ZZN0027439,,,,,0046,3500-3595,90099.78,FISCAL RANGO
2023-12-21,RESUMEN DE VENTAS ZZN0027439,,,,,0047,3596-3696,41417.52,FISCAL RANGO
2023-12-21,RESUMEN DE VENTAS ZZN0028263,,,,,0047,3609-3706,51992.98,FISCAL RANGO
2023-12-22,RESUMEN DE VENTAS ZZN0028263,,,,,0048,3707-3826,61509.00,FISCAL RANGO
2023-12-22,RESUMEN DE VENTAS ZZN0027439,,,,,0048,3697-3814,74905.74,FISCAL RANGO
2023-12-23,RESUMEN DE VENTAS ZZN0027439,,,,,0049,3815-3899,68707.29,FISCAL RANGO
2023-12-23,RESUMEN DE VENTAS ZZN0028263,,,,,0049,3827-3913,70336.07,FISCAL RANGO
2023-12-24,RESUMEN DE VENTAS ZZN0028263,,,,,0050,3914-3940,14773.02,FISCAL RANGO
2023-12-24,RESUMEN DE VENTAS ZZN0027439,,,,,0050,3900-3944,35974.15,FISCAL RANGO
2023-12-26,RESUMEN DE VENTAS ZZN0027439,,,,,0051,3945-4049,75927.14,FISCAL RANGO
2023-12-26,RESUMEN DE VENTAS ZZN0028263,,,,,0051,3941-4037,95563.12,FISCAL RANGO
2023-12-27,RESUMEN DE VENTAS ZZN0028263,,,,,0052,4038-4126,45306.88,FISCAL RANGO
2023-12-27,RESUMEN DE VENTAS ZZN0027439,,,,,0052,4050-4147,73992.03,FISCAL RANGO
2023-12-28,RESUMEN DE VENTAS ZZN0027439,,,,,0053,4148-4210,44005.20,FISCAL RANGO
2023-12-28,RESUMEN DE VENTAS ZZN0028263,,,,,0053,4127-4250,84183.05,FISCAL RANGO
2023-12-29,RESUMEN DE VENTAS ZZN0028263,,,,,0054,4251-4320,25077.02,FISCAL RANGO
2023-12-29,RESUMEN DE VENTAS ZZN0027439,,,,,0054,4211-4332,89748.51,FISCAL RANGO
2023-12-30,RESUMEN DE VENTAS ZZN0028263,,,,,0055,4321-4395,44582.60,FISCAL RANGO
2023-12-30,RESUMEN DE VENTAS ZZN0027439,,,,,0055,4333-4417,57146.55,FISCAL RANGO
2024-01-08,RESUMEN DE VENTAS ZZN0028263,,,,,0056,4396-4480,53827.58,FISCAL RANGO
2024-01-08,RESUMEN DE VENTAS ZZN0027439,,,,,0056,4418-4520,64235.68,FISCAL RANGO
2024-01-09,RESUMEN DE VENTAS ZZN0028263,,,,,0057,4481-4557,57992.56,FISCAL RANGO
2024-01-09,RESUMEN DE VENTAS ZZN0027439,,,,,0057,4521-4620,81159.39,FISCAL RANGO
2024-01-10,RESUMEN DE VENTAS ZZN0027439,,,,,0058,4621-4694,39577.54,FISCAL RANGO
2024-01-10,RESUMEN DE VENTAS ZZN0028263,,,,,0058,4558-4663,45305.27,FISCAL RANGO
2024-01-11,RESUMEN DE VENTAS ZZN0028263,,,,,0059,4664-4735,33452.92,FISCAL RANGO
2024-01-11,RESUMEN DE VENTAS ZZN0027439,,,,,0059,4695-4785,42688.37,FISCAL RANGO
2024-01-12,RESUMEN DE VENTAS ZZN0028263,,,,,0060,4736-4839,49981.04,FISCAL RANGO
2024-01-12,RESUMEN DE VENTAS ZZN0027439,,,,,0060,4786-4886,79134.54,FISCAL RANGO
2024-01-13,RESUMEN DE VENTAS ZZN0028263,,,,,0061,4840-4945,65340.39,FISCAL RANGO
2024-01-13,RESUMEN DE VENTAS ZZN0027439,,,,,0061,4887-4992,82411.28,FISCAL RANGO
2024-01-14,RESUMEN DE VENTAS ZZN0028263,,,,,0062,4946-4967,8927.18,FISCAL RANGO
2024-01-14,RESUMEN DE VENTAS ZZN0027439,,,,,0062,4993-5014,34558.05,FISCAL RANGO
2024-01-15,RESUMEN DE VENTAS ZZN0028263,,,,,0063,4968-5028,42657.57,FISCAL RANGO
2024-01-15,RESUMEN DE VENTAS ZZN0027439,,,,,0063,5015-5107,77019.85,FISCAL RANGO
2024-01-16,RESUMEN DE VENTAS ZZN0027439,,,,,0064,5108-5206,45158.79,FISCAL RANGO
2024-01-16,RESUMEN DE VENTAS ZZN0028263,,,,,0064,5029-5106,47764.12,FISCAL RANGO
2024-01-17,RESUMEN DE VENTAS ZZN0028263,,,,,0065,5107-5189,34416.82,FISCAL RANGO
2024-01-17,RESUMEN DE VENTAS ZZN0027439,,,,,0065,5207-5293,58734.91,FISCAL RANGO
2024-01-18,RESUMEN DE VENTAS ZZN0027439,,,,,0066,5294-5378,44022.23,FISCAL RANGO
2024-01-18,RESUMEN DE VENTAS ZZN0028263,,,,,0066,5190-5278,60781.31,FISCAL RANGO
2024-01-19,RESUMEN DE VENTAS ZZN0028263,,,,,0067,5279-5362,50957.62,FISCAL RANGO
2024-01-19,RESUMEN DE VENTAS ZZN0027439,,,,,0067,5379-5466,59622.39,FISCAL RANGO
2024-01-20,RESUMEN DE VENTAS ZZN0027439,,,,,0068,5467-5561,58418.91,FISCAL RANGO
2024-01-20,RESUMEN DE VENTAS ZZN0028263,,,,,0068,5363-5473,58508.08,FISCAL RANGO
2024-01-21,RESUMEN DE VENTAS ZZN0028263,,,,,0069,5474-5517,13377.02,FISCAL RANGO
2024-01-21,RESUMEN DE VENTAS ZZN0027439,,,,,0069,5562-5600,20586.18,FISCAL RANGO
2024-01-22,RESUMEN DE VENTAS ZZN0027439,,,,,0070,5601-5710,64176.99,FISCAL RANGO
2024-01-22,RESUMEN DE VENTAS ZZN0028263,,,,,0070,5518-5624,86667.62,FISCAL RANGO
2024-01-23,RESUMEN DE VENTAS ZZN0028263,,,,,0071,5625-5737,50755.84,FISCAL RANGO
2024-01-23,RESUMEN DE VENTAS ZZN0027439,,,,,0071,5711-5815,61340.64,FISCAL RANGO
2024-01-24,RESUMEN DE VENTAS ZZN0028263,,,,,0072,5738-5820,60339.39,FISCAL RANGO
2024-01-24,RESUMEN DE VENTAS ZZN0027439,,,,,0072,5816-5907,68048.89,FISCAL RANGO
2024-01-25,RESUMEN DE VENTAS ZZN0028263,,,,,0073,5821-5891,40797.37,FISCAL RANGO
2024-01-25,RESUMEN DE VENTAS ZZN0027439,,,,,0073,5908-5975,42565.53,FISCAL RANGO
2024-01-26,RESUMEN DE VENTAS ZZN0028263,,,,,0074,5892-5994,64201.03,FISCAL RANGO
2024-01-26,RESUMEN DE VENTAS ZZN0027439,,,,,0074,5976-6071,73605.53,FISCAL RANGO
2024-01-27,RESUMEN DE VENTAS ZZN0028263,,,,,0075,5995-6083,64336.72,FISCAL RANGO
2024-01-27,RESUMEN DE VENTAS ZZN0027439,,,,,0075,6072-6182,112354.34,FISCAL RANGO
2024-01-28,RESUMEN DE VENTAS ZZN0028263,,,,,0076,6084-6114,11347.80,FISCAL RANGO
2024-01-28,RESUMEN DE VENTAS ZZN0027439,,,,,0076,6183-6219,17851.81,FISCAL RANGO
2024-01-29,RESUMEN DE VENTAS ZZN0027439,,,,,0077,6220-6312,54662.68,FISCAL RANGO
2024-01-29,RESUMEN DE VENTAS ZZN0028263,,,,,0077,6115-6212,91771.03,FISCAL RANGO
2024-01-30,RESUMEN DE VENTAS ZZN0027439,,,,,0078,6313-6392,38371.20,FISCAL RANGO
2024-01-30,RESUMEN DE VENTAS ZZN0028263,,,,,0078,6213-6348,77138.16,FISCAL RANGO
2024-01-31,RESUMEN DE VENTAS ZZN0028263,,,,,0079,6349-6448,75960.82,FISCAL RANGO
2024-01-31,RESUMEN DE VENTAS ZZN0027439,,,,,0079,6393-6504,106385.67,FISCAL RANGO
2024-02-01,RESUMEN DE VENTAS ZZN0027439,,,,,0080,6505-6631,69420.12,FISCAL RANGO
2024-02-01,RESUMEN DE VENTAS ZZN0028263,,,,,0080,6449-6547,96694.32,FISCAL RANGO
2024-02-02,RESUMEN DE VENTAS ZZN0027439,,,,,0081,6632-6720,83847.17,FISCAL RANGO
2024-02-02,RESUMEN DE VENTAS ZZN0028263,,,,,0081,6548-6712,162449.60,FISCAL RANGO
2024-02-03,RESUMEN DE VENTAS ZZN0027439,,,,,0082,6721-6837,94271.42,FISCAL RANGO
2024-02-03,RESUMEN DE VENTAS ZZN0028263,,,,,0082,6713-6862,149697.06,FISCAL RANGO
2024-02-04,RESUMEN DE VENTAS ZZN0027439,,,,,0083,6838-6868,21475.42,FISCAL RANGO
2024-02-04,RESUMEN DE VENTAS ZZN0028263,,,,,0083,6863-6893,24375.80,FISCAL RANGO
2024-02-05,RESUMEN DE VENTAS ZZN0027439,,,,,0084,6869-7013,99265.13,FISCAL RANGO
2024-02-05,RESUMEN DE VENTAS ZZN0028263,,,,,0084,6894-6981,104752.82,FISCAL RANGO
2024-02-06,RESUMEN DE VENTAS ZZN0027439,,,,,0085,7014-7156,131363.51,FISCAL RANGO
2024-02-06,RESUMEN DE VENTAS ZZN0028263,,,,,0085,6982-7069,146361.16,FISCAL RANGO
2024-02-07,RESUMEN DE VENTAS ZZN0027439,,,,,0086,7157-7275,77561.76,FISCAL RANGO
2024-02-07,RESUMEN DE VENTAS ZZN0028263,,,,,0086,7070-7170,88743.12,FISCAL RANGO
2024-02-08,RESUMEN DE VENTAS ZZN0028263,,,,,0087,7171-7260,48030.62,FISCAL RANGO
2024-02-08,RESUMEN DE VENTAS ZZN0027439,,,,,0087,7276-7353,51953.14,FISCAL RANGO
2024-02-09,RESUMEN DE VENTAS ZZN0028263,,,,,0088,7261-7348,38943.76,FISCAL RANGO
2024-02-09,RESUMEN DE VENTAS ZZN0027439,,,,,0088,7354-7461,69455.21,FISCAL RANGO
2024-02-10,RESUMEN DE VENTAS ZZN0028263,,,,,0089,7349-7484,70646.42,FISCAL RANGO
2024-02-10,RESUMEN DE VENTAS ZZN0027439,,,,,0089,7462-7605,71888.65,FISCAL RANGO
2024-02-11,RESUMEN DE VENTAS ZZN0027439,,,,,0090,7606-7641,24632.97,FISCAL RANGO
2024-02-11,RESUMEN DE VENTAS ZZN0028263,,,,,0090,7485-7541,30264.96,FISCAL RANGO
2024-02-14,RESUMEN DE VENTAS ZZN0028263,,,,,0091,7542-7651,72820.75,FISCAL RANGO
2024-02-14,RESUMEN DE VENTAS ZZN0027439,,,,,0091,7642-7765,74236.36,FISCAL RANGO
2024-02-15,RESUMEN DE VENTAS ZZN0027439,,,,,0092,7766-7889,48679.97,FISCAL RANGO
2024-02-15,RESUMEN DE VENTAS ZZN0028263,,,,,0092,7652-7764,53478.48,FISCAL RANGO
2024-02-16,RESUMEN DE VENTAS ZZN0028263,,,,,0093,7765-7893,73429.27,FISCAL RANGO
2024-02-16,RESUMEN DE VENTAS ZZN0027439,,,,,0093,7890-8017,125522.44,FISCAL RANGO
2024-02-17,RESUMEN DE VENTAS ZZN0028263,,,,,0094,7894-8031,53649.68,FISCAL RANGO
2024-02-17,RESUMEN DE VENTAS ZZN0027439,,,,,0094,8018-8163,121604.30,FISCAL RANGO
2024-02-18,RESUMEN DE VENTAS ZZN0028263,,,,,0095,8032-8088,21283.32,FISCAL RANGO
2024-02-18,RESUMEN DE VENTAS ZZN0027439,,,,,0095,8164-8198,31836.38,FISCAL RANGO
2024-02-19,RESUMEN DE VENTAS ZZN0027439,,,,,0096,8199-8330,96829.00,FISCAL RANGO
2024-02-19,RESUMEN DE VENTAS ZZN0028263,,,,,0096,8089-8191,102006.89,FISCAL RANGO
2024-02-20,RESUMEN DE VENTAS ZZN0027439,,,,,0097,8331-8445,58020.45,FISCAL RANGO
2024-02-20,RESUMEN DE VENTAS ZZN0028263,,,,,0097,8192-8309,90394.40,FISCAL RANGO
2024-02-21,RESUMEN DE VENTAS ZZN0027439,,,,,0098,8446-8524,40984.57,FISCAL RANGO
2024-02-21,RESUMEN DE VENTAS ZZN0028263,,,,,0098,8310-8401,60055.13,FISCAL RANGO
2024-02-22,RESUMEN DE VENTAS ZZN0027439,,,,,0099,8525-8642,51389.67,FISCAL RANGO
2024-02-22,RESUMEN DE VENTAS ZZN0028263,,,,,0099,8402-8512,72158.99,FISCAL RANGO
2024-02-23,RESUMEN DE VENTAS ZZN0027439,,,,,0100,8643-8765,72207.15,FISCAL RANGO
2024-02-23,RESUMEN DE VENTAS ZZN0028263,,,,,0100,8513-8627,114254.38,FISCAL RANGO
2024-02-24,RESUMEN DE VENTAS ZZN0028263,,,,,0101,8628-8779,68937.09,FISCAL RANGO
2024-02-24,RESUMEN DE VENTAS ZZN0027439,,,,,0101,8766-8924,88504.46,FISCAL RANGO
2024-02-25,RESUMEN DE VENTAS ZZN0028263,,,,,0102,8780-8827,20340.70,FISCAL RANGO
2024-02-25,RESUMEN DE VENTAS ZZN0027439,,,,,0102,8925-8988,38725.06,FISCAL RANGO
2024-02-26,RESUMEN DE VENTAS ZZN0028263,,,,,0103,8828-8933,79758.67,FISCAL RANGO
2024-02-26,RESUMEN DE VENTAS ZZN0027439,,,,,0103,8989-9134,127378.16,FISCAL RANGO
2024-02-27,RESUMEN DE VENTAS ZZN0028263,,,,,0104,8934-9055,74007.20,FISCAL RANGO
2024-02-27,RESUMEN DE VENTAS ZZN0027439,,,,,0104,9135-9282,112977.29,FISCAL RANGO
2024-02-28,RESUMEN DE VENTAS ZZN0028263,,,,,0105,9056-9180,64330.26,FISCAL RANGO
2024-02-28,RESUMEN DE VENTAS ZZN0027439,,,,,0105,9283-9408,73659.65,FISCAL RANGO
2024-02-29,RESUMEN DE VENTAS ZZN0028263,,,,,0106,9181-9300,139846.69,FISCAL RANGO
2024-02-29,RESUMEN DE VENTAS ZZN0027439,,,,,0106,9409-9519,145605.94,FISCAL RANGO
2024-03-01,RESUMEN DE VENTAS ZZN0027439,,,,,0107,9520-9656,73464.40,FISCAL RANGO
2024-03-01,RESUMEN DE VENTAS ZZN0028263,,,,,0107,9301-9429,104777.41,FISCAL RANGO
2024-03-02,RESUMEN DE VENTAS ZZN0028263,,,,,0108,9430-9547,83528.84,FISCAL RANGO
2024-03-02,RESUMEN DE VENTAS ZZN0027439,,,,,0108,9657-9827,121114.93,FISCAL RANGO
2024-03-03,RESUMEN DE VENTAS ZZN0027439,,,,,0109,9828-9867,16402.14,FISCAL RANGO
2024-03-03,RESUMEN DE VENTAS ZZN0028263,,,,,0109,9548-9607,44145.58,FISCAL RANGO
2024-03-04,RESUMEN DE VENTAS ZZN0028263,,,,,0110,9608-9737,97536.55,FISCAL RANGO
2024-03-04,RESUMEN DE VENTAS ZZN0027439,,,,,0110,9868-9986,97676.57,FISCAL RANGO
2024-03-05,RESUMEN DE VENTAS ZZN0027439,,,,,0111,9987-10115,77194.98,FISCAL RANGO
2024-03-05,RESUMEN DE VENTAS ZZN0028263,,,,,0111,9738-9859,94453.47,FISCAL RANGO
2024-03-06,RESUMEN DE VENTAS ZZN0027439,,,,,0112,10116-10219,57183.21,FISCAL RANGO
2024-03-06,RESUMEN DE VENTAS ZZN0028263,,,,,0112,9860-10021,100714.74,FISCAL RANGO
2024-03-07,RESUMEN DE VENTAS ZZN0027439,,,,,0113,10220-10283,44732.03,FISCAL RANGO
2024-03-07,RESUMEN DE VENTAS ZZN0028263,,,,,0113,10022-10099,134560.01,FISCAL RANGO
2024-03-08,RESUMEN DE VENTAS ZZN0028263,,,,,0114,10100-10172,51127.39,FISCAL RANGO
2024-03-08,RESUMEN DE VENTAS ZZN0027439,,,,,0114,10284-10437,99509.91,FISCAL RANGO
2024-03-09,RESUMEN DE VENTAS ZZN0027439,,,,,0115,10438-10593,100770.25,FISCAL RANGO
2024-03-09,RESUMEN DE VENTAS ZZN0028263,,,,,0115,10173-10311,106789.59,FISCAL RANGO
2024-03-10,RESUMEN DE VENTAS ZZN0028263,,,,,0116,10312-10352,14081.54,FISCAL RANGO
2024-03-10,RESUMEN DE VENTAS ZZN0027439,,,,,0116,10594-10649,32843.11,FISCAL RANGO
2024-03-11,RESUMEN DE VENTAS ZZN0028263,,,,,0117,10353-10493,71861.08,FISCAL RANGO
2024-03-11,RESUMEN DE VENTAS ZZN0027439,,,,,0117,10650-10750,89693.17,FISCAL RANGO
2024-03-12,RESUMEN DE VENTAS ZZN0027439,,,,,0118,10751-10842,102913.14,FISCAL RANGO
2024-03-12,RESUMEN DE VENTAS ZZN0028263,,,,,0118,10494-10628,123740.66,FISCAL RANGO
2024-03-13,RESUMEN DE VENTAS ZZN0027439,,,,,0119,10843-10957,70494.67,FISCAL RANGO
2024-03-13,RESUMEN DE VENTAS ZZN0028263,,,,,0119,10629-10766,92779.37,FISCAL RANGO
2024-03-14,RESUMEN DE VENTAS ZZN0027439,,,,,0120,10958-11117,139298.42,FISCAL RANGO
2024-03-14,RESUMEN DE VENTAS ZZN0028263,,,,,0120,10767-10814,181982.29,FISCAL RANGO
2024-03-15,RESUMEN DE VENTAS ZZN0028263,,,,,0121,10815-10878,43745.89,FISCAL RANGO
2024-03-15,RESUMEN DE VENTAS ZZN0027439,,,,,0121,11118-11275,127603.32,FISCAL RANGO
2024-03-16,RESUMEN DE VENTAS ZZN0027439,,,,,0122,11276-11386,93328.89,FISCAL RANGO
2024-03-16,RESUMEN DE VENTAS ZZN0028263,,,,,0122,10879-11041,158375.33,FISCAL RANGO
2024-03-17,RESUMEN DE VENTAS ZZN0028263,,,,,0123,11042-11070,11525.16,FISCAL RANGO
2024-03-17,RESUMEN DE VENTAS ZZN0027439,,,,,0123,11387-11433,22175.60,FISCAL RANGO
2024-03-18,RESUMEN DE VENTAS ZZN0028263,,,,,0124,11071-11181,65470.27,FISCAL RANGO
2024-03-18,RESUMEN DE VENTAS ZZN0027439,,,,,0124,11434-11581,116295.37,FISCAL RANGO
2024-03-19,RESUMEN DE VENTAS ZZN0028263,,,,,0125,11182-11219,30621.23,FISCAL RANGO
2024-03-19,RESUMEN DE VENTAS ZZN0027439,,,,,0125,11582-11779,149315.53,FISCAL RANGO
2024-03-20,RESUMEN DE VENTAS ZZN0027439,,,,,0126,11780-11829,35695.04,FISCAL RANGO
2024-03-20,RESUMEN DE VENTAS ZZN0028263,,,,,0126,11220-11406,105689.44,FISCAL RANGO
2024-03-21,RESUMEN DE VENTAS ZZN0027439,,,,,0127,11830-11910,53974.30,FISCAL RANGO
2024-03-21,RESUMEN DE VENTAS ZZN0028263,,,,,0127,11407-11555,110041.28,FISCAL RANGO
2024-03-22,RESUMEN DE VENTAS ZZN0028263,,,,,0128,11556-11556,468.54,FISCAL RANGO
2024-03-22,RESUMEN DE VENTAS ZZN0028263,,,,,0129,11557-11591,28201.06,FISCAL RANGO
2024-03-22,RESUMEN DE VENTAS ZZN0027439,,,,,0128,11911-12021,102177.24,FISCAL RANGO
2024-03-23,RESUMEN DE VENTAS ZZN0027439,,,,,0129,12022-12091,71077.29,FISCAL RANGO
2024-03-23,RESUMEN DE VENTAS ZZN0028263,,,,,0130,11592-11767,96288.44,FISCAL RANGO
2024-03-24,RESUMEN DE VENTAS ZZN0028263,,,,,0131,11768-11823,26533.08,FISCAL RANGO
2024-03-24,RESUMEN DE VENTAS ZZN0027439,,,,,0130,12092-12123,85446.77,FISCAL RANGO
2024-03-25,RESUMEN DE VENTAS ZZN0028263,,,,,0132,11824-11891,54461.63,FISCAL RANGO
2024-03-25,RESUMEN DE VENTAS ZZN0027439,,,,,0131,12124-12342,171630.45,FISCAL RANGO
2024-03-26,RESUMEN DE VENTAS ZZN0028263,,,,,0133,11892-11947,86154.10,FISCAL RANGO
2024-03-26,RESUMEN DE VENTAS ZZN0027439,,,,,0132,12343-12515,144717.78,FISCAL RANGO
2024-03-27,RESUMEN DE VENTAS ZZN0027439,,,,,0133,12516-12633,127609.72,FISCAL RANGO
2024-03-27,RESUMEN DE VENTAS ZZN0028263,,,,,0134,11948-12139,185963.23,FISCAL RANGO
2024-03-28,RESUMEN DE VENTAS ZZN0028263,,,,,0135,12140-12173,17205.90,FISCAL RANGO
2024-03-28,RESUMEN DE VENTAS ZZN0027439,,,,,0134,12634-12771,104255.34,FISCAL RANGO
2024-03-29,RESUMEN DE VENTAS ZZN0028263,,,,,0136,12174-12254,43956.59,FISCAL RANGO
2024-03-29,RESUMEN DE VENTAS ZZN0027439,,,,,0135,12772-12856,52945.97,FISCAL RANGO
2024-03-30,RESUMEN DE VENTAS ZZN0027439,,,,,0136,12857-12926,85829.82,FISCAL RANGO
2024-03-30,RESUMEN DE VENTAS ZZN0028263,,,,,0137,12255-12402,92562.64,FISCAL RANGO
2024-03-31,RESUMEN DE VENTAS ZZN0028263,,,,,0138,12403-12446,27876.77,FISCAL RANGO
2024-03-31,RESUMEN DE VENTAS ZZN0027439,,,,,0137,12927-12954,29112.49,FISCAL RANGO
2024-04-01,RESUMEN DE VENTAS ZZN0027439,,,,,0138,12955-13041,84886.31,FISCAL RANGO
2024-04-01,RESUMEN DE VENTAS ZZN0028263,,,,,0139,12447-12581,104797.02,FISCAL RANGO
2024-04-02,RESUMEN DE VENTAS ZZN0027439,,,,,0139,13042-13081,68099.63,FISCAL RANGO
2024-04-02,RESUMEN DE VENTAS ZZN0028263,,,,,0140,12582-12727,132676.78,FISCAL RANGO
2024-04-03,RESUMEN DE VENTAS ZZN0027439,,,,,0140,13082-13160,58996.29,FISCAL RANGO
2024-04-03,RESUMEN DE VENTAS ZZN0028263,,,,,0141,12728-12824,119329.35,FISCAL RANGO
2024-04-04,RESUMEN DE VENTAS ZZN0027439,,,,,0141,13161-13182,13587.47,FISCAL RANGO
2024-04-04,RESUMEN DE VENTAS ZZN0028263,,,,,0142,12825-12946,167135.84,FISCAL RANGO
2024-04-05,RESUMEN DE VENTAS ZZN0028263,,,,,0143,12947-12990,65640.94,FISCAL RANGO
2024-04-05,RESUMEN DE VENTAS ZZN0027439,,,,,0142,13183-13342,108961.47,FISCAL RANGO
2024-04-06,RESUMEN DE VENTAS ZZN0028263,,,,,0144,12991-13076,93831.68,FISCAL RANGO
2024-04-06,RESUMEN DE VENTAS ZZN0027439,,,,,0143,13343-13448,102447.30,FISCAL RANGO
2024-04-07,RESUMEN DE VENTAS ZZN0028263,,,,,0145,13077-13117,15882.04,FISCAL RANGO
2024-04-07,RESUMEN DE VENTAS ZZN0027439,,,,,0144,13449-13463,23429.63,FISCAL RANGO
2024-04-08,RESUMEN DE VENTAS ZZN0027439,,,,,0145,13464-13552,87109.79,FISCAL RANGO
2024-04-08,RESUMEN DE VENTAS ZZN0028263,,,,,0146,13118-13230,104893.79,FISCAL RANGO
2024-04-09,RESUMEN DE VENTAS ZZN0027439,,,,,0146,13553-13644,63272.57,FISCAL RANGO
2024-04-09,RESUMEN DE VENTAS ZZN0028263,,,,,0147,13231-13357,112325.39,FISCAL RANGO
2024-04-10,RESUMEN DE VENTAS ZZN0028263,,,,,0148,13358-13498,99100.70,FISCAL RANGO
2024-04-10,RESUMEN DE VENTAS ZZN0027439,,,,,0147,13645-13737,135892.64,FISCAL RANGO
2024-04-11,RESUMEN DE VENTAS ZZN0027439,,,,,0148,13738-13875,59348.28,FISCAL RANGO
2024-04-11,RESUMEN DE VENTAS ZZN0028263,,,,,0149,13499-13591,70518.33,FISCAL RANGO
2024-04-12,RESUMEN DE VENTAS ZZN0028263,,,,,0150,13592-13693,94028.84,FISCAL RANGO
2024-04-12,RESUMEN DE VENTAS ZZN0027439,,,,,0149,13876-14002,140096.15,FISCAL RANGO
2024-04-13,RESUMEN DE VENTAS ZZN0028263,,,,,0151,13694-13850,98417.35,FISCAL RANGO
2024-04-13,RESUMEN DE VENTAS ZZN0027439,,,,,0150,14003-14094,112693.25,FISCAL RANGO
2024-04-14,RESUMEN DE VENTAS ZZN0028263,,,,,0152,13851-13900,17516.52,FISCAL RANGO
2024-04-14,RESUMEN DE VENTAS ZZN0027439,,,,,0151,14095-14133,19457.27,FISCAL RANGO
2024-04-15,RESUMEN DE VENTAS ZZN0027439,,,,,0152,14134-14209,39180.67,FISCAL RANGO
2024-04-15,RESUMEN DE VENTAS ZZN0028263,,,,,0153,13901-14055,170068.66,FISCAL RANGO
2024-04-16,RESUMEN DE VENTAS ZZN0027439,,,,,0153,14210-14301,73271.65,FISCAL RANGO
2024-04-16,RESUMEN DE VENTAS ZZN0028263,,,,,0154,14056-14228,101359.62,FISCAL RANGO
2024-04-17,RESUMEN DE VENTAS ZZN0027439,,,,,0154,14302-14397,94988.57,FISCAL RANGO
2024-04-17,RESUMEN DE VENTAS ZZN0028263,,,,,0155,14229-14409,119567.50,FISCAL RANGO
2024-04-18,RESUMEN DE VENTAS ZZN0028263,,,,,0156,14410-14493,67419.04,FISCAL RANGO
2024-04-18,RESUMEN DE VENTAS ZZN0027439,,,,,0155,14398-14559,101598.68,FISCAL RANGO
2024-04-19,RESUMEN DE VENTAS ZZN0028263,,,,,0157,14494-14685,96315.61,FISCAL RANGO
2024-04-19,RESUMEN DE VENTAS ZZN0027439,,,,,0156,14560-14642,2870889.03,FISCAL RANGO
2024-04-20,RESUMEN DE VENTAS ZZN0027439,,,,,0157,14643-14711,56381.19,FISCAL RANGO
2024-04-20,RESUMEN DE VENTAS ZZN0028263,,,,,0158,14686-14890,102672.83,FISCAL RANGO
2024-04-21,RESUMEN DE VENTAS ZZN0028263,,,,,0159,14891-14917,12353.47,FISCAL RANGO
2024-04-21,RESUMEN DE VENTAS ZZN0027439,,,,,0158,14712-14805,73646.39,FISCAL RANGO
2024-04-22,RESUMEN DE VENTAS ZZN0028263,,,,,0160,14918-15075,103593.70,FISCAL RANGO
2024-04-22,RESUMEN DE VENTAS ZZN0027439,,,,,0159,14806-14926,121535.00,FISCAL RANGO
2024-04-23,RESUMEN DE VENTAS ZZN0027439,,,,,0160,14927-15067,91640.78,FISCAL RANGO
2024-04-23,RESUMEN DE VENTAS ZZN0028263,,,,,0161,15076-15199,95836.56,FISCAL RANGO
2024-04-24,RESUMEN DE VENTAS ZZN0027439,,,,,0161,15068-15232,103203.32,FISCAL RANGO
2024-04-24,RESUMEN DE VENTAS ZZN0028263,,,,,0162,15200-15353,107454.10,FISCAL RANGO
2024-04-25,RESUMEN DE VENTAS ZZN0027439,,,,,0162,15233-15353,89890.70,FISCAL RANGO
2024-04-25,RESUMEN DE VENTAS ZZN0028263,,,,,0163,15354-15505,96253.00,FISCAL RANGO
2024-04-26,RESUMEN DE VENTAS ZZN0027439,,,,,0163,15354-15502,83240.56,FISCAL RANGO
2024-04-26,RESUMEN DE VENTAS ZZN0028263,,,,,0164,15506-15626,89495.97,FISCAL RANGO
2024-04-27,RESUMEN DE VENTAS ZZN0028263,,,,,0165,15627-15764,85995.72,FISCAL RANGO
2024-04-27,RESUMEN DE VENTAS ZZN0027439,,,,,0164,15503-15664,110171.51,FISCAL RANGO
2024-04-28,RESUMEN DE VENTAS ZZN0028263,,,,,0166,15765-15827,21640.69,FISCAL RANGO
2024-04-28,RESUMEN DE VENTAS ZZN0027439,,,,,0165,15665-15714,27921.76,FISCAL RANGO
2024-04-29,RESUMEN DE VENTAS ZZN0028263,,,,,0167,15828-15945,47617.23,FISCAL RANGO
2024-04-29,RESUMEN DE VENTAS ZZN0027439,,,,,0166,15715-15839,74513.66,FISCAL RANGO
2024-04-30,RESUMEN DE VENTAS ZZN0027439,,,,,0167,15840-15968,79782.04,FISCAL RANGO
2024-04-30,RESUMEN DE VENTAS ZZN0028263,,,,,0168,15946-16096,114102.08,FISCAL RANGO
2024-05-01,RESUMEN DE VENTAS ZZN0027439,,,,,0168,15969-16095,56319.91,FISCAL RANGO
2024-05-01,RESUMEN DE VENTAS ZZN0028263,,,,,0169,16097-16206,57036.07,FISCAL RANGO
2024-05-02,RESUMEN DE VENTAS ZZN0027439,,,,,0169,16096-16169,68833.26,FISCAL RANGO
2024-05-02,RESUMEN DE VENTAS ZZN0028263,,,,,0170,16207-16371,103574.07,FISCAL RANGO
2024-05-03,RESUMEN DE VENTAS ZZN0028263,,,,,0171,16372-16517,94585.50,FISCAL RANGO
2024-05-03,RESUMEN DE VENTAS ZZN0027439,,,,,0170,16170-16314,131003.06,FISCAL RANGO
2024-05-04,RESUMEN DE VENTAS ZZN0027439,,,,,0171,16315-16363,50154.04,FISCAL RANGO
2024-05-04,RESUMEN DE VENTAS ZZN0028263,,,,,0172,16518-16584,55599.28,FISCAL RANGO
2024-05-06,RESUMEN DE VENTAS ZZN0027439,,,,,0172,16364-16478,71901.58,FISCAL RANGO
2024-05-06,RESUMEN DE VENTAS ZZN0028263,,,,,0173,16585-16747,124966.81,FISCAL RANGO
2024-05-07,RESUMEN DE VENTAS ZZN0027439,,,,,0173,16479-16628,76368.08,FISCAL RANGO
2024-05-07,RESUMEN DE VENTAS ZZN0028263,,,,,0174,16748-16903,87165.42,FISCAL RANGO
2024-05-08,RESUMEN DE VENTAS ZZN0027439,,,,,0174,16629-16921,163781.82,FISCAL RANGO
2024-05-08,RESUMEN DE VENTAS ZZN0028263,,,,,0175,16904-17155,169546.09,FISCAL RANGO
2024-05-09,RESUMEN DE VENTAS ZZN0027439,,,,,0175,16922-17208,123066.09,FISCAL RANGO
2024-05-09,RESUMEN DE VENTAS ZZN0028263,,,,,0176,17156-17399,208240.64,FISCAL RANGO
2024-05-10,RESUMEN DE VENTAS ZZN0027439,,,,,0176,17209-17439,93446.22,FISCAL RANGO
2024-05-10,RESUMEN DE VENTAS ZZN0028263,,,,,0177,17400-17644,204238.84,FISCAL RANGO
2024-05-11,RESUMEN DE VENTAS ZZN0028263,,,,,0178,17645-17913,356153.16,FISCAL RANGO
2024-05-11,RESUMEN DE VENTAS ZZN0027439,,,,,0177,17440-17709,788686.48,FISCAL RANGO
2024-05-12,RESUMEN DE VENTAS ZZN0028263,,,,,0179,17914-17969,62297.83,FISCAL RANGO
2024-05-12,RESUMEN DE VENTAS ZZN0027439,,,,,0178,17710-17909,104456.43,FISCAL RANGO
2024-05-13,RESUMEN DE VENTAS ZZN0027439,,,,,0179,17910-18122,104089.50,FISCAL RANGO
2024-05-13,RESUMEN DE VENTAS ZZN0028263,,,,,0180,17970-18185,211772.02,FISCAL RANGO
2024-05-14,RESUMEN DE VENTAS ZZN0027439,,,,,0180,18123-18252,55510.03,FISCAL RANGO
2024-05-14,RESUMEN DE VENTAS ZZN0028263,,,,,0181,18186-18389,169612.22,FISCAL RANGO
2024-05-15,RESUMEN DE VENTAS ZZN0028263,,,,,0182,18390-18684,404669.70,FISCAL RANGO
2024-05-16,RESUMEN DE VENTAS ZZN0028263,,,,,0183,18685-18955,169269.69,FISCAL RANGO
2024-05-17,RESUMEN DE VENTAS ZZN0028263,,,,,0184,18956-19227,198912.09,FISCAL RANGO
2024-05-18,RESUMEN DE VENTAS ZZN0028263,,,,,0185,19228-19520,235932.39,FISCAL RANGO
2024-05-19,RESUMEN DE VENTAS ZZN0028263,,,,,0186,19521-19666,127236.08,FISCAL RANGO
2024-05-20,RESUMEN DE VENTAS ZZN0028263,,,,,0187,19667-19832,161258.83,FISCAL RANGO
2024-05-21,RESUMEN DE VENTAS ZZN0028263,,,,,0188,19833-19954,158614.71,FISCAL RANGO
2024-05-22,RESUMEN DE VENTAS ZZN0028263,,,,,0189,19955-20075,163565.40,FISCAL RANGO
2024-05-23,RESUMEN DE VENTAS ZZN0028263,,,,,0190,20076-20147,294172.20,FISCAL RANGO
2024-05-24,RESUMEN DE VENTAS ZZN0028263,,,,,0191,20148-20258,146305.05,FISCAL RANGO
2024-05-25,RESUMEN DE VENTAS ZZN0028263,,,,,0192,20259-20412,77384.00,FISCAL RANGO
2024-05-26,RESUMEN DE VENTAS ZZN0028263,,,,,0193,20413-20458,29218.01,FISCAL RANGO
2024-05-27,RESUMEN DE VENTAS ZZN0028263,,,,,0194,20459-20640,149960.96,FISCAL RANGO
2024-05-28,RESUMEN DE VENTAS ZZN0028263,,,,,0195,20641-20798,145392.89,FISCAL RANGO
2024-05-29,RESUMEN DE VENTAS ZZN0028263,,,,,0196,20799-20992,122844.25,FISCAL RANGO
2024-05-30,RESUMEN DE VENTAS ZZN0028263,,,,,0197,20993-21192,133864.94,FISCAL RANGO
2024-05-31,RESUMEN DE VENTAS ZZN0028263,,,,,0198,21193-21355,122660.47,FISCAL RANGO
2024-06-01,RESUMEN DE VENTAS ZZN0028263,,,,,0199,21356-21597,146393.77,FISCAL RANGO
2024-06-02,RESUMEN DE VENTAS ZZN0028263,,,,,0200,21598-21704,62512.39,FISCAL RANGO
2024-06-03,RESUMEN DE VENTAS ZZN0028263,,,,,0201,21705-21933,160544.68,FISCAL RANGO
2024-06-04,RESUMEN DE VENTAS ZZN0028263,,,,,0202,21934-22167,184771.09,FISCAL RANGO
2024-06-05,RESUMEN DE VENTAS ZZN0028263,,,,,0203,22168-22402,159883.72,FISCAL RANGO
2024-06-06,RESUMEN DE VENTAS ZZN0028263,,,,,0204,22403-22657,155318.40,FISCAL RANGO
2024-06-07,RESUMEN DE VENTAS ZZN0028263,,,,,0205,22658-22867,177226.44,FISCAL RANGO
2024-06-08,RESUMEN DE VENTAS ZZN0028263,,,,,0206,22868-23152,261735.57,FISCAL RANGO
2024-06-09,RESUMEN DE VENTAS ZZN0028263,,,,,0207,23153-23257,73259.08,FISCAL RANGO
2024-06-10,RESUMEN DE VENTAS ZZN0028263,,,,,0208,23258-23511,228475.62,FISCAL RANGO
2024-06-11,RESUMEN DE VENTAS ZZN0028263,,,,,0209,23512-23766,166381.22,FISCAL RANGO
2024-06-12,RESUMEN DE VENTAS ZZN0028263,,,,,0210,23767-24018,150360.26,FISCAL RANGO
2024-06-13,RESUMEN DE VENTAS ZZN0028263,,,,,0211,24019-24208,222811.96,FISCAL RANGO
2024-06-14,RESUMEN DE VENTAS ZZN0028263,,,,,0212,24209-24438,135622.48,FISCAL RANGO
2024-06-15,RESUMEN DE VENTAS ZZN0028263,,,,,0213,24439-24679,188651.66,FISCAL RANGO
2024-06-16,RESUMEN DE VENTAS ZZN0028263,,,,,0214,24680-24750,39982.65,FISCAL RANGO
2024-06-17,RESUMEN DE VENTAS ZZN0028263,,,,,0215,24751-25090,215455.84,FISCAL RANGO
2024-06-18,RESUMEN DE VENTAS ZZN0028263,,,,,0216,25091-25288,326319.64,FISCAL RANGO
2024-06-19,RESUMEN DE VENTAS ZZN0028263,,,,,0217,25289-25554,273317.14,FISCAL RANGO
2024-06-20,RESUMEN DE VENTAS ZZN0028263,,,,,0218,25555-25825,148390.40,FISCAL RANGO
2024-06-21,RESUMEN DE VENTAS ZZN0028263,,,,,0219,25826-26023,24266985.38,FISCAL RANGO
2024-06-22,RESUMEN DE VENTAS ZZN0028263,,,,,0220,26024-26314,128709.89,FISCAL RANGO
2024-06-23,RESUMEN DE VENTAS ZZN0028263,,,,,0221,26315-26435,50759.34,FISCAL RANGO
2024-06-24,RESUMEN DE VENTAS ZZN0028263,,,,,0222,26436-26573,269201.52,FISCAL RANGO
2024-06-25,RESUMEN DE VENTAS ZZN0028263,,,,,0223,26574-26865,150089.13,FISCAL RANGO
2024-06-26,RESUMEN DE VENTAS ZZN0028263,,,,,0224,26866-27132,159756.21,FISCAL RANGO
2024-06-27,RESUMEN DE VENTAS ZZN0028263,,,,,0225,27133-27342,385777.74,FISCAL RANGO
2024-06-28,RESUMEN DE VENTAS ZZN0028263,,,,,0226,27343-27591,110749.94,FISCAL RANGO
2024-06-29,RESUMEN DE VENTAS ZZN0028263,,,,,0227,27592-27854,194149.47,FISCAL RANGO
2024-06-30,RESUMEN DE VENTAS ZZN0028263,,,,,0228,27855-27975,86784.15,FISCAL RANGO
2024-07-01,RESUMEN DE VENTAS ZZN0028263,,,,,0229,27976-28212,164094.73,FISCAL RANGO
2024-07-02,RESUMEN DE VENTAS ZZN0028263,,,,,0230,28213-28408,133003.08,FISCAL RANGO
2024-07-03,RESUMEN DE VENTAS ZZN0028263,,,,,0231,28409-28653,184848.18,FISCAL RANGO
2024-07-04,RESUMEN DE VENTAS ZZN0028263,,,,,0232,28654-28872,147673.62,FISCAL RANGO
2024-07-05,RESUMEN DE VENTAS ZZN0028263,,,,,0233,28873-29036,134734.67,FISCAL RANGO
2024-07-06,RESUMEN DE VENTAS ZZN0028263,,,,,0234,29037-29236,121278.95,FISCAL RANGO
2024-07-07,RESUMEN DE VENTAS ZZN0028263,,,,,0235,29237-29297,42357.02,FISCAL RANGO
2024-07-08,RESUMEN DE VENTAS ZZN0028263,,,,,0236,29298-29440,127824.48,FISCAL RANGO
2024-07-09,RESUMEN DE VENTAS ZZN0028263,,,,,0237,29441-29605,132288.40,FISCAL RANGO
2024-07-10,RESUMEN DE VENTAS ZZN0028263,,,,,0238,29606-29694,68305.71,FISCAL RANGO
2024-07-11,RESUMEN DE VENTAS ZZN0028263,,,,,0239,29695-29783,78766.25,FISCAL RANGO
2024-07-12,RESUMEN DE VENTAS ZZN0028263,,,,,0240,29784-29917,101420.64,FISCAL RANGO
2024-07-13,RESUMEN DE VENTAS ZZN0028263,,,,,0241,29918-30063,100957.32,FISCAL RANGO
2024-07-14,RESUMEN DE VENTAS ZZN0028263,,,,,0242,30064-30120,47483.70,FISCAL RANGO
2024-07-15,RESUMEN DE VENTAS ZZN0028263,,,,,0243,30121-30206,86070.41,FISCAL RANGO
2024-07-16,RESUMEN DE VENTAS ZZN0028263,,,,,0244,30207-30311,110006.74,FISCAL RANGO
2024-07-17,RESUMEN DE VENTAS ZZN0028263,,,,,0245,30312-30388,54422.73,FISCAL RANGO
2024-07-18,RESUMEN DE VENTAS ZZN0028263,,,,,0246,30389-30457,71776.90,FISCAL RANGO
2024-07-19,RESUMEN DE VENTAS ZZN0028263,,,,,0247,30458-30525,50864.29,FISCAL RANGO
2024-07-20,RESUMEN DE VENTAS ZZN0028263,,,,,0248,30526-30589,165801.21,FISCAL RANGO
2024-07-21,RESUMEN DE VENTAS ZZN0028263,,,,,0249,30590-30613,28029.80,FISCAL RANGO
2024-07-22,RESUMEN DE VENTAS ZZN0028263,,,,,0250,30614-30686,76830.89,FISCAL RANGO
2024-07-23,RESUMEN DE VENTAS ZZN0028263,,,,,0251,30687-30737,50472.83,FISCAL RANGO
2024-07-24,RESUMEN DE VENTAS ZZN0028263,,,,,0252,30738-30782,36940.25,FISCAL RANGO
2024-07-25,RESUMEN DE VENTAS ZZN0028263,,,,,0253,30783-30881,120376.23,FISCAL RANGO
2024-07-26,RESUMEN DE VENTAS ZZN0028263,,,,,0254,30882-30936,32203.21,FISCAL RANGO
2024-07-27,RESUMEN DE VENTAS ZZN0028263,,,,,0255,30937-31027,82958.82,FISCAL RANGO
2024-07-28,RESUMEN DE VENTAS ZZN0028263,,,,,0256,31028-31052,16174.07,FISCAL RANGO
2024-08-01,RESUMEN DE VENTAS ZZN0028263,,,,,0257,31053-31142,55710.77,FISCAL RANGO
2024-08-02,RESUMEN DE VENTAS ZZN0028263,,,,,0258,31143-31250,79625.67,FISCAL RANGO
2024-08-03,RESUMEN DE VENTAS ZZN0028263,,,,,0259,31251-31300,38459.23,FISCAL RANGO
2024-08-04,RESUMEN DE VENTAS ZZN0028263,,,,,0260,31301-31310,9540.01,FISCAL RANGO
2024-08-05,RESUMEN DE VENTAS ZZN0028263,,,,,0261,31311-31377,70648.36,FISCAL RANGO
2024-08-06,RESUMEN DE VENTAS ZZN0028263,,,,,0262,31378-31439,107788.31,FISCAL RANGO
2024-08-07,RESUMEN DE VENTAS ZZN0028263,,,,,0263,31440-31520,121518.31,FISCAL RANGO
2024-08-08,RESUMEN DE VENTAS ZZN0028263,,,,,0264,31521-31601,61826.69,FISCAL RANGO
2024-08-09,RESUMEN DE VENTAS ZZN0028263,,,,,0265,31602-31722,68252.70,FISCAL RANGO
2024-08-10,RESUMEN DE VENTAS ZZN0028263,,,,,0266,31723-31904,103787.55,FISCAL RANGO
2024-08-11,RESUMEN DE VENTAS ZZN0028263,,,,,0267,31905-31976,54541.30,FISCAL RANGO
2024-08-12,RESUMEN DE VENTAS ZZN0028263,,,,,0268,31977-32097,73405.28,FISCAL RANGO
2024-08-13,RESUMEN DE VENTAS ZZN0028263,,,,,0269,32098-32212,85630.22,FISCAL RANGO
2024-08-14,RESUMEN DE VENTAS ZZN0028263,,,,,0270,32213-32300,163511.64,FISCAL RANGO
2024-08-15,RESUMEN DE VENTAS ZZN0028263,,,,,0271,32301-32397,86794.46,FISCAL RANGO
2024-08-16,RESUMEN DE VENTAS ZZN0028263,,,,,0272,32398-32517,72169.12,FISCAL RANGO
2024-08-17,RESUMEN DE VENTAS ZZN0028263,,,,,0273,32518-32591,52010.04,FISCAL RANGO
2024-08-18,RESUMEN DE VENTAS ZZN0028263,,,,,0274,32592-32632,45009.13,FISCAL RANGO
2024-08-19,RESUMEN DE VENTAS ZZN0028263,,,,,0275,32633-32735,87880.99,FISCAL RANGO
2024-08-20,RESUMEN DE VENTAS ZZN0028263,,,,,0276,32736-32800,90781.27,FISCAL RANGO
2024-08-21,RESUMEN DE VENTAS ZZN0028263,,,,,0277,32801-32906,83732.84,FISCAL RANGO
2024-08-22,RESUMEN DE VENTAS ZZN0028263,,,,,0278,32907-33028,99984.84,FISCAL RANGO
2024-08-23,RESUMEN DE VENTAS ZZN0028263,,,,,0279,33029-33123,113928.69,FISCAL RANGO
2024-08-24,RESUMEN DE VENTAS ZZN0028263,,,,,0280,33124-33206,45698.15,FISCAL RANGO
2024-08-25,RESUMEN DE VENTAS ZZN0028263,,,,,0281,33207-33233,54297.31,FISCAL RANGO
2024-08-26,RESUMEN DE VENTAS ZZN0028263,,,,,0282,33234-33310,35717.99,FISCAL RANGO
2024-08-27,RESUMEN DE VENTAS ZZN0028263,,,,,0283,33311-33382,65459.28,FISCAL RANGO
2024-08-28,RESUMEN DE VENTAS ZZN0028263,,,,,0284,33383-33441,34290.63,FISCAL RANGO
2024-08-29,RESUMEN DE VENTAS ZZN0028263,,,,,0285,33442-33487,50837.01,FISCAL RANGO
2024-08-30,RESUMEN DE VENTAS ZZN0028263,,,,,0286,33488-33512,8639.80,FISCAL RANGO
2024-08-31,RESUMEN DE VENTAS ZZN0028263,,,,,0287,33513-33637,57463.51,FISCAL RANGO
2024-09-01,RESUMEN DE VENTAS ZZN0028263,,,,,0288,33638-33698,26384.54,FISCAL RANGO
2024-09-02,RESUMEN DE VENTAS ZZN0028263,,,,,0289,33699-33795,61381.61,FISCAL RANGO
2024-09-03,RESUMEN DE VENTAS ZZN0028263,,,,,0290,33796-33865,83015.11,FISCAL RANGO
2024-09-04,RESUMEN DE VENTAS ZZN0028263,,,,,0291,33866-33942,38816.93,FISCAL RANGO
2024-09-05,RESUMEN DE VENTAS ZZN0028263,,,,,0292,33943-34035,56376.93,FISCAL RANGO
2024-09-06,RESUMEN DE VENTAS ZZN0028263,,,,,0293,34036-34175,138838.66,FISCAL RANGO
2024-09-07,RESUMEN DE VENTAS ZZN0028263,,,,,0294,34176-34313,80280.44,FISCAL RANGO
2024-09-08,RESUMEN DE VENTAS ZZN0028263,,,,,0295,34314-34357,21629.62,FISCAL RANGO
2024-09-09,RESUMEN DE VENTAS ZZN0028263,,,,,0296,34358-34524,85009.54,FISCAL RANGO
2024-09-10,RESUMEN DE VENTAS ZZN0028263,,,,,0297,34525-34719,88372.13,FISCAL RANGO
2024-09-11,RESUMEN DE VENTAS ZZN0028263,,,,,0298,34720-34840,198635.74,FISCAL RANGO
2024-09-12,RESUMEN DE VENTAS ZZN0028263,,,,,0299,34841-34938,265975.58,FISCAL RANGO
2024-09-13,RESUMEN DE VENTAS ZZN0028263,,,,,0300,34939-35061,86984.94,FISCAL RANGO
2024-09-14,RESUMEN DE VENTAS ZZN0028263,,,,,0301,35062-35240,87057.11,FISCAL RANGO
2024-09-15,RESUMEN DE VENTAS ZZN0028263,,,,,0302,35241-35316,36950.77,FISCAL RANGO
2024-09-16,RESUMEN DE VENTAS ZZN0028263,,,,,0303,35317-35452,90458.58,FISCAL RANGO
2024-09-17,RESUMEN DE VENTAS ZZN0028263,,,,,0304,35453-35519,50009.55,FISCAL RANGO
2024-09-18,RESUMEN DE VENTAS ZZN0028263,,,,,0305,35520-35640,96206609.96,FISCAL RANGO
2024-09-19,RESUMEN DE VENTAS ZZN0028263,,,,,0306,35641-35755,86651.30,FISCAL RANGO
2024-09-20,RESUMEN DE VENTAS ZZN0028263,,,,,0307,35756-35879,55867.93,FISCAL RANGO
2024-09-21,RESUMEN DE VENTAS ZZN0028263,,,,,0308,35880-36017,51534.02,FISCAL RANGO
2024-09-22,RESUMEN DE VENTAS ZZN0028263,,,,,0309,36018-36092,34842.57,FISCAL RANGO
2024-09-23,RESUMEN DE VENTAS ZZN0028263,,,,,0310,36093-36164,523680.16,FISCAL RANGO
2024-09-24,RESUMEN DE VENTAS ZZN0028263,,,,,0311,36165-36275,559054.23,FISCAL RANGO
2024-09-25,RESUMEN DE VENTAS ZZN0028263,,,,,0312,36276-36367,53657.90,FISCAL RANGO
2024-09-26,RESUMEN DE VENTAS ZZN0028263,,,,,0313,36368-36489,63611.93,FISCAL RANGO
2024-09-27,RESUMEN DE VENTAS ZZN0028263,,,,,0314,36490-36633,80498.48,FISCAL RANGO
2024-09-28,RESUMEN DE VENTAS ZZN0028263,,,,,0315,36634-36733,88477.47,FISCAL RANGO
2024-09-29,RESUMEN DE VENTAS ZZN0028263,,,,,0316,36734-36799,34538.36,FISCAL RANGO
2024-09-30,RESUMEN DE VENTAS ZZN0028263,,,,,0317,36800-36937,150471.49,FISCAL RANGO
2024-10-01,RESUMEN DE VENTAS ZZN0028263,,,,,0318,36938-37073,115592.85,FISCAL RANGO
2024-10-02,RESUMEN DE VENTAS ZZN0028263,,,,,0319,37074-37229,89093.37,FISCAL RANGO
2024-10-03,RESUMEN DE VENTAS ZZN0028263,,,,,0320,37230-37332,62369.94,FISCAL RANGO
2024-10-04,RESUMEN DE VENTAS ZZN0028263,,,,,0321,37333-37402,55945.50,FISCAL RANGO
2024-10-05,RESUMEN DE VENTAS ZZN0028263,,,,,0322,37403-37522,84034.25,FISCAL RANGO
2024-10-06,RESUMEN DE VENTAS ZZN0028263,,,,,0323,37523-37598,50114.52,FISCAL RANGO
2024-10-07,RESUMEN DE VENTAS ZZN0028263,,,,,0324,37599-37701,88013.21,FISCAL RANGO
2024-10-08,RESUMEN DE VENTAS ZZN0028263,,,,,0325,37702-37841,142540.54,FISCAL RANGO
2024-10-09,RESUMEN DE VENTAS ZZN0028263,,,,,0326,37842-37966,75194.32,FISCAL RANGO
2024-10-10,RESUMEN DE VENTAS ZZN0028263,,,,,0327,37967-38095,105007.64,FISCAL RANGO
2024-10-12,RESUMEN DE VENTAS ZZN0028263,,,,,0329,38224-38369,89592.00,FISCAL RANGO
2024-10-12,RESUMEN DE VENTAS ZZN0028263,,,,,0328,38096-38223,91437.41,FISCAL RANGO
2024-10-13,RESUMEN DE VENTAS ZZN0028263,,,,,0330,38370-38434,27632.95,FISCAL RANGO
2024-10-14,RESUMEN DE VENTAS ZZN0028263,,,,,0331,38435-38605,139357.56,FISCAL RANGO
2024-10-15,RESUMEN DE VENTAS ZZN0028263,,,,,0332,38606-38762,140663.94,FISCAL RANGO
2024-10-16,RESUMEN DE VENTAS ZZN0028263,,,,,0333,38763-38837,121136.49,FISCAL RANGO
2024-10-17,RESUMEN DE VENTAS ZZN0028263,,,,,0334,38838-39036,160188.24,FISCAL RANGO
2024-10-18,RESUMEN DE VENTAS ZZN0028263,,,,,0335,39037-39168,98313.74,FISCAL RANGO
2024-10-19,RESUMEN DE VENTAS ZZN0028263,,,,,0336,39169-39315,92778.42,FISCAL RANGO
2024-10-20,RESUMEN DE VENTAS ZZN0028263,,,,,0337,39316-39385,32681.20,FISCAL RANGO
2024-10-21,RESUMEN DE VENTAS ZZN0028263,,,,,0338,39386-39534,80870.53,FISCAL RANGO
2024-10-22,RESUMEN DE VENTAS ZZN0028263,,,,,0339,39535-39669,70892.75,FISCAL RANGO
2024-10-23,RESUMEN DE VENTAS ZZN0028263,,,,,0340,39670-39804,66913.27,FISCAL RANGO
2024-10-24,RESUMEN DE VENTAS ZZN0028263,,,,,0341,39805-39974,116558.00,FISCAL RANGO
2024-10-25,RESUMEN DE VENTAS ZZN0028263,,,,,0342,39975-40121,156833.34,FISCAL RANGO
2024-10-26,RESUMEN DE VENTAS ZZN0028263,,,,,0343,40122-40283,138729.64,FISCAL RANGO
2024-10-27,RESUMEN DE VENTAS ZZN0028263,,,,,0344,40284-40388,53619.69,FISCAL RANGO
2024-10-28,RESUMEN DE VENTAS ZZN0028263,,,,,0345,40389-40557,129687.58,FISCAL RANGO
2024-10-29,RESUMEN DE VENTAS ZZN0028263,,,,,0346,40558-40780,239941.59,FISCAL RANGO
2024-10-30,RESUMEN DE VENTAS ZZN0028263,,,,,0347,40781-41000,154261.29,FISCAL RANGO
2024-10-31,RESUMEN DE VENTAS ZZN0028263,,,,,0348,41001-41248,148812.77,FISCAL RANGO
2024-11-01,RESUMEN DE VENTAS ZZN0028263,,,,,0349,41249-41449,223638.90,FISCAL RANGO
2024-11-02,RESUMEN DE VENTAS ZZN0028263,,,,,0350,41450-41683,163856.78,FISCAL RANGO
2024-11-03,RESUMEN DE VENTAS ZZN0028263,,,,,0351,41684-41801,116961.46,FISCAL RANGO
2024-11-04,RESUMEN DE VENTAS ZZN0028263,,,,,0352,41802-41953,290167.79,FISCAL RANGO
2024-11-05,RESUMEN DE VENTAS ZZN0028263,,,,,0353,41954-42124,189330.43,FISCAL RANGO
2024-11-06,RESUMEN DE VENTAS ZZN0028263,,,,,0354,42125-42307,184779.36,FISCAL RANGO
2024-11-07,RESUMEN DE VENTAS ZZN0028263,,,,,0355,42308-42490,137802.58,FISCAL RANGO
2024-11-08,RESUMEN DE VENTAS ZZN0028263,,,,,0356,42491-42648,148007.41,FISCAL RANGO
2024-11-09,RESUMEN DE VENTAS ZZN0028263,,,,,0357,42649-42857,191936.71,FISCAL RANGO
2024-11-10,RESUMEN DE VENTAS ZZN0028263,,,,,0358,42858-43022,101297.05,FISCAL RANGO
2024-11-11,RESUMEN DE VENTAS ZZN0028263,,,,,0359,43023-43269,207795.91,FISCAL RANGO
2024-11-12,RESUMEN DE VENTAS ZZN0028263,,,,,0360,43270-43421,126388.38,FISCAL RANGO
2024-11-13,RESUMEN DE VENTAS ZZN0028263,,,,,0361,43422-43485,159260.59,FISCAL RANGO
2024-11-14,RESUMEN DE VENTAS ZZN0028263,,,,,0362,43486-43565,100783.04,FISCAL RANGO
2024-11-15,RESUMEN DE VENTAS ZZN0028263,,,,,0363,43566-43742,197542.10,FISCAL RANGO
2024-11-16,RESUMEN DE VENTAS ZZN0028263,,,,,0365,43743-43908,256769.83,FISCAL RANGO
2024-11-17,RESUMEN DE VENTAS ZZN0028263,,,,,0366,43909-44000,85781.23,FISCAL RANGO
2024-11-18,RESUMEN DE VENTAS ZZN0028263,,,,,0367,44001-44130,204650.99,FISCAL RANGO
2024-11-19,RESUMEN DE VENTAS ZZN0028263,,,,,0368,44131-44220,110342.89,FISCAL RANGO
2024-11-20,RESUMEN DE VENTAS ZZN0028263,,,,,0369,44221-44313,150036.85,FISCAL RANGO
2024-11-21,RESUMEN DE VENTAS ZZN0028263,,,,,0370,44314-44423,112579.33,FISCAL RANGO
2024-11-22,RESUMEN DE VENTAS ZZN0028263,,,,,0371,44424-44526,921977392.62,FISCAL RANGO
2024-11-23,RESUMEN DE VENTAS ZZN0028263,,,,,0372,44527-44607,171116.87,FISCAL RANGO
2024-11-24,RESUMEN DE VENTAS ZZN0028263,,,,,0373,44608-44658,102137.14,FISCAL RANGO
2024-11-25,RESUMEN DE VENTAS ZZN0028263,,,,,0374,44659-44739,176160.28,FISCAL RANGO
2024-11-26,RESUMEN DE VENTAS ZZN0028263,,,,,0375,44740-44927,162695.52,FISCAL RANGO
2024-11-27,RESUMEN DE VENTAS ZZN0028263,,,,,0376,44928-45071,237508.56,FISCAL RANGO
2024-11-28,RESUMEN DE VENTAS ZZN0028263,,,,,0377,45072-45251,197128.79,FISCAL RANGO
2024-11-29,RESUMEN DE VENTAS ZZN0028263,,,,,0378,45252-45352,187032.79,FISCAL RANGO
2024-11-30,RESUMEN DE VENTAS ZZN0028263,,,,,0379,45353-45556,259975.62,FISCAL RANGO
2024-12-01,RESUMEN DE VENTAS ZZN0028263,,,,,0380,45557-45588,55849553.72,FISCAL RANGO
2024-12-02,RESUMEN DE VENTAS ZZN0028263,,,,,0381,45589-45809,228588.92,FISCAL RANGO
2024-12-03,RESUMEN DE VENTAS ZZN0028263,,,,,0382,45810-45990,233216.58,FISCAL RANGO
2024-12-04,RESUMEN DE VENTAS ZZN0028263,,,,,0383,45991-46129,244179.35,FISCAL RANGO
2024-12-05,RESUMEN DE VENTAS ZZN0028263,,,,,0384,46130-46321,177318.73,FISCAL RANGO
2024-12-06,RESUMEN DE VENTAS ZZN0028263,,,,,0385,46322-46522,327718.92,FISCAL RANGO
2024-12-07,RESUMEN DE VENTAS ZZN0028263,,,,,0386,46523-46723,239179.38,FISCAL RANGO
2024-12-08,RESUMEN DE VENTAS ZZN0028263,,,,,0387,46724-46766,68587.61,FISCAL RANGO
2024-12-09,RESUMEN DE VENTAS ZZN0028263,,,,,0388,46767-46914,167117.45,FISCAL RANGO
2024-12-10,RESUMEN DE VENTAS ZZN0028263,,,,,0389,46915-47035,156731.39,FISCAL RANGO
2024-12-11,RESUMEN DE VENTAS ZZN0028263,,,,,0390,47036-47177,165611.41,FISCAL RANGO
2024-12-12,RESUMEN DE VENTAS ZZN0028263,,,,,0391,47178-47340,199539.48,FISCAL RANGO
2024-12-14,RESUMEN DE VENTAS ZZN0028263,,,,,0392,47341-47397,49336.35,FISCAL RANGO
2024-12-14,RESUMEN DE VENTAS ZZN0028263,,,,,0393,47398-47568,252109.10,FISCAL RANGO
2024-12-15,RESUMEN DE VENTAS ZZN0028263,,,,,0394,47569-47685,123898.66,FISCAL RANGO
2024-12-16,RESUMEN DE VENTAS ZZN0028263,,,,,0395,47686-47776,191420.74,FISCAL RANGO
2024-12-17,RESUMEN DE VENTAS ZZN0028263,,,,,0396,47777-47951,284588.64,FISCAL RANGO
2024-12-18,RESUMEN DE VENTAS ZZN0028263,,,,,0397,47952-48073,300762.71,FISCAL RANGO
2024-12-19,RESUMEN DE VENTAS ZZN0028263,,,,,0398,48074-48180,173965.06,FISCAL RANGO
2024-12-20,RESUMEN DE VENTAS ZZN0028263,,,,,0399,48181-48279,171607.69,FISCAL RANGO
2024-12-21,RESUMEN DE VENTAS ZZN0028263,,,,,0400,48280-48463,242098.82,FISCAL RANGO
2024-12-22,RESUMEN DE VENTAS ZZN0028263,,,,,0401,48464-48530,102223.99,FISCAL RANGO
2024-12-23,RESUMEN DE VENTAS ZZN0028263,,,,,0402,48531-48638,141571.33,FISCAL RANGO
2024-12-24,RESUMEN DE VENTAS ZZN0028263,,,,,0403,48639-48707,91732.90,FISCAL RANGO
2024-12-26,RESUMEN DE VENTAS ZZN0028263,,,,,0404,48708-48831,146559.59,FISCAL RANGO
2024-12-27,RESUMEN DE VENTAS ZZN0028263,,,,,0405,48832-48982,193312.92,FISCAL RANGO
2024-12-28,RESUMEN DE VENTAS ZZN0028263,,,,,0406,48983-49149,188743.95,FISCAL RANGO
2024-12-29,RESUMEN DE VENTAS ZZN0028263,,,,,0407,49150-49205,49005.62,FISCAL RANGO
2024-12-30,RESUMEN DE VENTAS ZZN0028263,,,,,0408,49206-49271,91532.49,FISCAL RANGO
2025-01-06,RESUMEN DE VENTAS ZZN0028263,,,,,0409,49272-49423,139168.04,FISCAL RANGO
2025-01-07,RESUMEN DE VENTAS ZZN0028263,,,,,0410,49424-49550,140942.17,FISCAL RANGO
2025-01-08,RESUMEN DE VENTAS ZZN0028263,,,,,0411,49551-49711,122187.10,FISCAL RANGO
2025-01-09,RESUMEN DE VENTAS ZZN0028263,,,,,0412,49712-49785,564292555.54,FISCAL RANGO
2025-01-10,RESUMEN DE VENTAS ZZN0028263,,,,,0413,49786-49838,58333.98,FISCAL RANGO
2025-01-11,RESUMEN DE VENTAS ZZN0028263,,,,,0414,49839-49935,92367.78,FISCAL RANGO
2025-01-12,RESUMEN DE VENTAS ZZN0028263,,,,,0415,49936-49974,30923.47,FISCAL RANGO
2025-01-13,RESUMEN DE VENTAS ZZN0028263,,,,,0416,49975-50055,143951.91,FISCAL RANGO
2025-01-14,RESUMEN DE VENTAS ZZN0028263,,,,,0417,50056-50172,108355.15,FISCAL RANGO
2025-01-15,RESUMEN DE VENTAS ZZN0028263,,,,,0418,50173-50221,112503.72,FISCAL RANGO
2025-01-16,RESUMEN DE VENTAS ZZN0028263,,,,,0419,50222-50299,88421.42,FISCAL RANGO
2025-01-17,RESUMEN DE VENTAS ZZN0028263,,,,,0420,50300-50374,100105.78,FISCAL RANGO
2025-01-18,RESUMEN DE VENTAS ZZN0028263,,,,,0421,50375-50478,242484.94,FISCAL RANGO
2025-01-19,RESUMEN DE VENTAS ZZN0028263,,,,,0422,50479-50517,28241.43,FISCAL RANGO
2025-01-20,RESUMEN DE VENTAS ZZN0028263,,,,,0423,50518-50668,185575.80,FISCAL RANGO
2025-01-21,RESUMEN DE VENTAS ZZN0028263,,,,,0424,50669-50746,101842.27,FISCAL RANGO
2025-01-22,RESUMEN DE VENTAS ZZN0028263,,,,,0425,50747-50856,147107.13,FISCAL RANGO
2025-01-23,RESUMEN DE VENTAS ZZN0028263,,,,,0426,50857-50942,81550.01,FISCAL RANGO
2025-01-24,RESUMEN DE VENTAS ZZN0028263,,,,,0427,50943-51025,89033.41,FISCAL RANGO
2025-01-25,RESUMEN DE VENTAS ZZN0028263,,,,,0428,51026-51113,95015.87,FISCAL RANGO
2025-01-26,RESUMEN DE VENTAS ZZN0028263,,,,,0429,51114-51159,57250.41,FISCAL RANGO
2025-01-27,RESUMEN DE VENTAS ZZN0028263,,,,,0430,51160-51213,142051.83,FISCAL RANGO
2025-01-28,RESUMEN DE VENTAS ZZN0028263,,,,,0431,51214-51337,117210.85,FISCAL RANGO
2025-01-29,RESUMEN DE VENTAS ZZN0028263,,,,,0432,51338-51510,140316.02,FISCAL RANGO
2025-01-30,RESUMEN DE VENTAS ZZN0028263,,,,,0433,51511-51637,89082.71,FISCAL RANGO
2025-01-31,RESUMEN DE VENTAS ZZN0028263,,,,,0434,51638-51743,100548.79,FISCAL RANGO
2025-02-01,RESUMEN DE VENTAS ZZN0028263,,,,,0435,51744-51877,122042.27,FISCAL RANGO
2025-02-02,RESUMEN DE VENTAS ZZN0028263,,,,,0436,51878-51931,41976.60,FISCAL RANGO
2025-02-03,RESUMEN DE VENTAS ZZN0028263,,,,,0437,51932-52001,156488.66,FISCAL RANGO
2025-02-04,RESUMEN DE VENTAS ZZN0028263,,,,,0438,52002-52091,121811.65,FISCAL RANGO
2025-02-05,RESUMEN DE VENTAS ZZN0028263,,,,,0439,52092-52237,171855.18,FISCAL RANGO
2025-02-06,RESUMEN DE VENTAS ZZN0028263,,,,,0440,52238-52328,72353.25,FISCAL RANGO
2025-02-07,RESUMEN DE VENTAS ZZN0028263,,,,,0441,52329-52427,112001.97,FISCAL RANGO
2025-02-08,RESUMEN DE VENTAS ZZN0028263,,,,,0442,52428-52552,213139.89,FISCAL RANGO
2025-02-09,RESUMEN DE VENTAS ZZN0028263,,,,,0443,52553-52639,73757.08,FISCAL RANGO
2025-02-10,RESUMEN DE VENTAS ZZN0028263,,,,,0444,52640-52795,119690.18,FISCAL RANGO
2025-02-11,RESUMEN DE VENTAS ZZN0028263,,,,,0445,52796-52903,100403.03,FISCAL RANGO
2025-02-12,RESUMEN DE VENTAS ZZN0028263,,,,,0446,52904-53058,141001.97,FISCAL RANGO
2025-02-13,RESUMEN DE VENTAS ZZN0028263,,,,,0447,53059-53188,152923.54,FISCAL RANGO
2025-02-14,RESUMEN DE VENTAS ZZN0028263,,,,,0448,53189-53266,93747.61,FISCAL RANGO
2025-02-15,RESUMEN DE VENTAS ZZN0028263,,,,,0449,53267-53440,197321.42,FISCAL RANGO
2025-02-16,RESUMEN DE VENTAS ZZN0028263,,,,,0450,53441-53557,120789.99,FISCAL RANGO
2025-02-17,RESUMEN DE VENTAS ZZN0028263,,,,,0451,53558-53700,241936.66,FISCAL RANGO
2025-02-18,RESUMEN DE VENTAS ZZN0028263,,,,,0452,53701-53842,232892.73,FISCAL RANGO
2025-02-19,RESUMEN DE VENTAS ZZN0028263,,,,,0453,53843-54013,202722.21,FISCAL RANGO
2025-02-20,RESUMEN DE VENTAS ZZN0028263,,,,,0454,54014-54165,240986.45,FISCAL RANGO
2025-02-21,RESUMEN DE VENTAS ZZN0028263,,,,,0455,54166-54384,222970.69,FISCAL RANGO
2025-02-22,RESUMEN DE VENTAS ZZN0028263,,,,,0456,54385-54568,211423.80,FISCAL RANGO
2025-02-23,RESUMEN DE VENTAS ZZN0028263,,,,,0457,54569-54697,99983.41,FISCAL RANGO
2025-02-24,RESUMEN DE VENTAS ZZN0028263,,,,,0458,54698-55014,327149.92,FISCAL RANGO
2025-02-26,RESUMEN DE VENTAS ZZN0028263,,,,,0459,55015-55274,305156.11,FISCAL RANGO
2025-02-26,RESUMEN DE VENTAS ZZN0028263,,,,,0460,55275-55631,372029.28,FISCAL RANGO
2025-02-27,RESUMEN DE VENTAS ZZN0028263,,,,,0461,55632-55845,224348.39,FISCAL RANGO
2025-02-28,RESUMEN DE VENTAS ZZN0028263,,,,,0462,55846-56116,246759.62,FISCAL RANGO
2025-03-01,RESUMEN DE VENTAS ZZN0028263,,,,,0463,56117-56386,302210.98,FISCAL RANGO
2025-03-02,RESUMEN DE VENTAS ZZN0028263,,,,,0464,56387-56513,127539.46,FISCAL RANGO
2025-03-03,RESUMEN DE VENTAS ZZN0028263,,,,,0465,56514-56699,177170.99,FISCAL RANGO
2025-03-04,RESUMEN DE VENTAS ZZN0028263,,,,,0466,56700-56885,144494.68,FISCAL RANGO
2025-03-05,RESUMEN DE VENTAS ZZN0028263,,,,,0467,56886-57104,285031.06,FISCAL RANGO
2025-03-06,RESUMEN DE VENTAS ZZN0028263,,,,,0468,57105-57421,257467.22,FISCAL RANGO
2025-03-07,RESUMEN DE VENTAS ZZN0028263,,,,,0469,57422-57581,206089.67,FISCAL RANGO
2025-03-08,RESUMEN DE VENTAS ZZN0028263,,,,,0470,57582-57745,304881.67,FISCAL RANGO
2025-03-09,RESUMEN DE VENTAS ZZN0028263,,,,,0471,57746-57827,99892.38,FISCAL RANGO
2025-03-10,RESUMEN DE VENTAS ZZN0028263,,,,,0472,57828-58030,201477.08,FISCAL RANGO
2025-03-11,RESUMEN DE VENTAS ZZN0028263,,,,,0473,58031-58223,247536.31,FISCAL RANGO
2025-03-12,RESUMEN DE VENTAS ZZN0028263,,,,,0474,58224-58295,640684.18,FISCAL RANGO
2025-03-13,RESUMEN DE VENTAS ZZN0028263,,,,,0475,58296-58449,166825.49,FISCAL RANGO
2025-03-14,RESUMEN DE VENTAS ZZN0028263,,,,,0476,58450-58622,201433.64,FISCAL RANGO
2025-03-15,RESUMEN DE VENTAS ZZN0028263,,,,,0477,58623-58769,237383.39,FISCAL RANGO
2025-03-16,RESUMEN DE VENTAS ZZN0028263,,,,,0478,58770-58861,92033.45,FISCAL RANGO
2025-03-17,RESUMEN DE VENTAS ZZN0028263,,,,,0479,58862-59154,295183.03,FISCAL RANGO
2025-03-18,RESUMEN DE VENTAS ZZN0028263,,,,,0480,59155-59339,235683.26,FISCAL RANGO
2025-03-19,RESUMEN DE VENTAS ZZN0028263,,,,,0481,59340-59529,242600.97,FISCAL RANGO
2025-03-20,RESUMEN DE VENTAS ZZN0028263,,,,,0482,59530-59748,305760.67,FISCAL RANGO
2025-03-21,RESUMEN DE VENTAS ZZN0028263,,,,,0483,59749-59943,173469.01,FISCAL RANGO
2025-03-22,RESUMEN DE VENTAS ZZN0028263,,,,,0484,59944-60199,205677.36,FISCAL RANGO
2025-03-23,RESUMEN DE VENTAS ZZN0028263,,,,,0485,60200-60298,99021.19,FISCAL RANGO
2025-03-24,RESUMEN DE VENTAS ZZN0028263,,,,,0486,60299-60457,242144.63,FISCAL RANGO
2025-03-25,RESUMEN DE VENTAS ZZN0028263,,,,,0487,60458-60507,123713192.79,FISCAL RANGO
2025-03-26,RESUMEN DE VENTAS ZZN0028263,,,,,0488,60508-60642,261401.25,FISCAL RANGO
2025-03-27,RESUMEN DE VENTAS ZZN0028263,,,,,0489,60643-60851,302765.09,FISCAL RANGO
2025-03-28,RESUMEN DE VENTAS ZZN0028263,,,,,0490,60852-61091,358142.30,FISCAL RANGO
2025-03-29,RESUMEN DE VENTAS ZZN0028263,,,,,0491,61092-61241,210418.25,FISCAL RANGO
2025-03-31,RESUMEN DE VENTAS ZZN0028263,,,,,0492,61242-61393,1234847474.51,FISCAL RANGO
2025-04-01,RESUMEN DE VENTAS ZZN0028263,,,,,0493,61394-61529,174521.23,FISCAL RANGO
2025-04-02,RESUMEN DE VENTAS ZZN0028263,,,,,0494,61530-61721,293569.09,FISCAL RANGO
2025-04-03,RESUMEN DE VENTAS ZZN0028263,,,,,0495,61722-61938,278297.84,FISCAL RANGO
2025-04-04,RESUMEN DE VENTAS ZZN0028263,,,,,0496,61939-62133,352502.56,FISCAL RANGO
2025-04-05,RESUMEN DE VENTAS ZZN0028263,,,,,0497,62134-62280,161153.66,FISCAL RANGO
2025-04-06,RESUMEN DE VENTAS ZZN0028263,,,,,0498,62281-62348,86018.84,FISCAL RANGO
2025-04-07,RESUMEN DE VENTAS ZZN0028263,,,,,0499,62349-62518,207800.92,FISCAL RANGO
2025-04-08,RESUMEN DE VENTAS ZZN0028263,,,,,0500,62519-62735,247211.33,FISCAL RANGO
2025-04-09,RESUMEN DE VENTAS ZZN0028263,,,,,0501,62736-62825,181986.00,FISCAL RANGO
2025-04-10,RESUMEN DE VENTAS ZZN0028263,,,,,0502,62826-63040,211224.25,FISCAL RANGO
2025-04-11,RESUMEN DE VENTAS ZZN0028263,,,,,0503,63041-63208,236113.13,FISCAL RANGO
2025-04-12,RESUMEN DE VENTAS ZZN0028263,,,,,0504,63209-63349,177554.63,FISCAL RANGO
2025-04-13,RESUMEN DE VENTAS ZZN0028263,,,,,0505,63350-63361,139136.58,FISCAL RANGO
2025-04-14,RESUMEN DE VENTAS ZZN0028263,,,,,0506,63362-63512,190926.14,FISCAL RANGO
2025-04-15,RESUMEN DE VENTAS ZZN0028263,,,,,0507,63513-63643,270729.30,FISCAL RANGO
2025-04-21,RESUMEN DE VENTAS ZZN0028263,,,,,0508,63644-63928,429834.80,FISCAL RANGO
2025-04-22,RESUMEN DE VENTAS ZZN0028263,,,,,0509,63929-64102,235799.50,FISCAL RANGO
2025-04-23,RESUMEN DE VENTAS ZZN0028263,,,,,0510,64103-64272,235769.74,FISCAL RANGO
2025-04-24,RESUMEN DE VENTAS ZZN0028263,,,,,0511,64273-64388,185998.99,FISCAL RANGO
2025-04-25,RESUMEN DE VENTAS ZZN0028263,,,,,0512,64389-64510,189190.52,FISCAL RANGO
2025-04-26,RESUMEN DE VENTAS ZZN0028263,,,,,0513,64511-64705,285385.33,FISCAL RANGO
2025-04-27,RESUMEN DE VENTAS ZZN0028263,,,,,0514,64706-64774,88376.58,FISCAL RANGO
2025-04-28,RESUMEN DE VENTAS ZZN0028263,,,,,0515,64775-64958,258550.43,FISCAL RANGO
2025-04-29,RESUMEN DE VENTAS ZZN0028263,,,,,0516,64959-65178,279840.23,FISCAL RANGO
2025-04-30,RESUMEN DE VENTAS ZZN0028263,,,,,0517,65179-65330,328966.67,FISCAL RANGO
2025-05-01,RESUMEN DE VENTAS ZZN0028263,,,,,0518,65331-65551,270905.36,FISCAL RANGO
2025-05-02,RESUMEN DE VENTAS ZZN0028263,,,,,0519,65552-65765,332434.99,FISCAL RANGO
2025-05-03,RESUMEN DE VENTAS ZZN0028263,,,,,0520,65766-66060,215972.32,FISCAL RANGO
2025-05-05,RESUMEN DE VENTAS ZZN0028263,,,,,0521,66061-66318,346610.27,FISCAL RANGO
2025-05-06,RESUMEN DE VENTAS ZZN0028263,,,,,0522,66319-66616,355902.26,FISCAL RANGO
2025-05-07,RESUMEN DE VENTAS ZZN0028263,,,,,0523,66617-66931,289199.25,FISCAL RANGO
2025-05-08,RESUMEN DE VENTAS ZZN0028263,,,,,0524,66932-67101,285706.25,FISCAL RANGO
2025-05-09,RESUMEN DE VENTAS ZZN0028263,,,,,0525,67102-67238,192790.54,FISCAL RANGO
2025-05-10,RESUMEN DE VENTAS ZZN0028263,,,,,0526,67239-67521,257872.57,FISCAL RANGO
2025-05-11,RESUMEN DE VENTAS ZZN0028263,,,,,0527,67522-67590,77625.12,FISCAL RANGO
2025-05-12,RESUMEN DE VENTAS ZZN0028263,,,,,0528,67591-67884,275315.40,FISCAL RANGO
2025-05-13,RESUMEN DE VENTAS ZZN0028263,,,,,0529,67885-68014,261408.90,FISCAL RANGO
2025-05-14,RESUMEN DE VENTAS ZZN0028263,,,,,0530,68015-68230,286086.39,FISCAL RANGO
2025-05-15,RESUMEN DE VENTAS ZZN0028263,,,,,0531,68231-68278,608925.06,FISCAL RANGO
2025-05-16,RESUMEN DE VENTAS ZZN0028263,,,,,0532,68279-68607,386994.45,FISCAL RANGO
2025-05-17,RESUMEN DE VENTAS ZZN0028263,,,,,0533,68608-68836,431451.38,FISCAL RANGO
2025-05-18,RESUMEN DE VENTAS ZZN0028263,,,,,0534,68837-68994,183540.84,FISCAL RANGO
2025-05-19,RESUMEN DE VENTAS ZZN0028263,,,,,0535,68995-69293,477401.87,FISCAL RANGO
2025-05-20,RESUMEN DE VENTAS ZZN0028263,,,,,0536,69294-69530,297692.18,FISCAL RANGO
2025-05-21,RESUMEN DE VENTAS ZZN0028263,,,,,0537,69531-69804,359055.27,FISCAL RANGO
2025-05-22,RESUMEN DE VENTAS ZZN0028263,,,,,0538,69805-70133,402840.02,FISCAL RANGO
2025-05-23,RESUMEN DE VENTAS ZZN0028263,,,,,0539,70134-70383,381095.23,FISCAL RANGO
2025-05-24,RESUMEN DE VENTAS ZZN0028263,,,,,0540,70384-70670,438010.54,FISCAL RANGO
2025-05-25,RESUMEN DE VENTAS ZZN0028263,,,,,0541,70671-70783,76785.73,FISCAL RANGO
2025-05-26,RESUMEN DE VENTAS ZZN0028263,,,,,0542,70784-70924,282920.22,FISCAL RANGO
2025-05-27,RESUMEN DE VENTAS ZZN0028263,,,,,0543,70925-71153,274393.25,FISCAL RANGO
2025-05-28,RESUMEN DE VENTAS ZZN0028263,,,,,0544,71154-71370,383682.84,FISCAL RANGO
2025-05-29,RESUMEN DE VENTAS ZZN0028263,,,,,0545,71371-71531,385099.41,FISCAL RANGO
2025-05-30,RESUMEN DE VENTAS ZZN0028263,,,,,0546,71532-71665,372452.29,FISCAL RANGO
2025-05-31,RESUMEN DE VENTAS ZZN0028263,,,,,0547,71666-71872,379853.02,FISCAL RANGO
2025-06-01,RESUMEN DE VENTAS ZZN0028263,,,,,0548,71873-72000,143910.86,FISCAL RANGO
2025-06-02,RESUMEN DE VENTAS ZZN0028263,,,,,0549,72001-72126,251069.26,FISCAL RANGO
2025-06-03,RESUMEN DE VENTAS ZZN0028263,,,,,0550,72127-72439,424633.74,FISCAL RANGO
2025-06-04,RESUMEN DE VENTAS ZZN0028263,,,,,0551,72440-72584,321335.21,FISCAL RANGO
2025-06-05,RESUMEN DE VENTAS ZZN0028263,,,,,0552,72585-72716,309094.64,FISCAL RANGO
2025-06-06,RESUMEN DE VENTAS ZZN0028263,,,,,0553,72717-72906,340950.52,FISCAL RANGO
2025-06-07,RESUMEN DE VENTAS ZZN0028263,,,,,0554,72907-73154,346345.48,FISCAL RANGO
2025-06-08,RESUMEN DE VENTAS ZZN0028263,,,,,0555,73155-73212,92056.83,FISCAL RANGO
2025-06-09,RESUMEN DE VENTAS ZZN0028263,,,,,0556,73213-73454,438316.23,FISCAL RANGO
2025-06-10,RESUMEN DE VENTAS ZZN0028263,,,,,0557,73455-73603,285154.86,FISCAL RANGO
2025-06-11,RESUMEN DE VENTAS ZZN0028263,,,,,0558,73604-73815,374193.51,FISCAL RANGO
2025-06-12,RESUMEN DE VENTAS ZZN0028263,,,,,0559,73816-73961,301170.62,FISCAL RANGO
2025-06-13,RESUMEN DE VENTAS ZZN0028263,,,,,0560,73962-74218,238210.67,FISCAL RANGO
2025-06-14,RESUMEN DE VENTAS ZZN0028263,,,,,0561,74219-74552,445788.00,FISCAL RANGO
2025-06-15,RESUMEN DE VENTAS ZZN0028263,,,,,0562,74553-74653,134325.78,FISCAL RANGO
2025-06-16,RESUMEN DE VENTAS ZZN0028263,,,,,0563,74654-74845,275966.36,FISCAL RANGO
2025-06-17,RESUMEN DE VENTAS ZZN0028263,,,,,0564,74846-75056,316408.52,FISCAL RANGO
2025-06-18,RESUMEN DE VENTAS ZZN0028263,,,,,0565,75057-75327,348088.85,FISCAL RANGO
2025-06-19,RESUMEN DE VENTAS ZZN0028263,,,,,0566,75328-75677,361266.95,FISCAL RANGO
2025-06-20,RESUMEN DE VENTAS ZZN0028263,,,,,0567,75678-75835,465465.28,FISCAL RANGO
2025-06-21,RESUMEN DE VENTAS ZZN0028263,,,,,0568,75836-76039,332694.86,FISCAL RANGO
2025-06-22,RESUMEN DE VENTAS ZZN0028263,,,,,0569,76040-76137,129925.30,FISCAL RANGO
2025-06-23,RESUMEN DE VENTAS ZZN0028263,,,,,0570,76138-76299,360362.52,FISCAL RANGO
2025-06-24,RESUMEN DE VENTAS ZZN0028263,,,,,0571,76300-76492,309963.35,FISCAL RANGO
2025-06-25,RESUMEN DE VENTAS ZZN0028263,,,,,0572,76493-76651,201990.64,FISCAL RANGO
2025-06-26,RESUMEN DE VENTAS ZZN0028263,,,,,0573,76652-76982,340889.73,FISCAL RANGO
2025-06-27,RESUMEN DE VENTAS ZZN0028263,,,,,0574,76983-77339,352989.72,FISCAL RANGO
2025-06-28,RESUMEN DE VENTAS ZZN0028263,,,,,0575,77340-77526,351176.49,FISCAL RANGO
2025-06-29,RESUMEN DE VENTAS ZZN0028263,,,,,0576,77527-77688,125533.63,FISCAL RANGO
2025-06-30,RESUMEN DE VENTAS ZZN0028263,,,,,0577,77689-77916,253273.39,FISCAL RANGO
2025-07-01,RESUMEN DE VENTAS ZZN0028263,,,,,0578,77917-78063,336752.37,FISCAL RANGO
2025-07-02,RESUMEN DE VENTAS ZZN0028263,,,,,0579,78064-78298,244516.10,FISCAL RANGO
2025-07-03,RESUMEN DE VENTAS ZZN0028263,,,,,0580,78299-78534,456291.98,FISCAL RANGO
2025-07-04,RESUMEN DE VENTAS ZZN0028263,,,,,0581,78535-78696,235112.12,FISCAL RANGO
2025-07-05,RESUMEN DE VENTAS ZZN0028263,,,,,0582,78697-78862,320431.68,FISCAL RANGO
2025-07-06,RESUMEN DE VENTAS ZZN0028263,,,,,0583,78863-78995,135102.02,FISCAL RANGO
2025-07-07,RESUMEN DE VENTAS ZZN0028263,,,,,0584,78996-79129,315035.16,FISCAL RANGO
2025-07-08,RESUMEN DE VENTAS ZZN0028263,,,,,0585,79130-79180,360806.70,FISCAL RANGO
2025-07-09,RESUMEN DE VENTAS ZZN0028263,,,,,0586,79181-79459,327924.91,FISCAL RANGO
2025-07-10,RESUMEN DE VENTAS ZZN0028263,,,,,0587,79460-79545,449396.26,FISCAL RANGO
2025-07-11,RESUMEN DE VENTAS ZZN0028263,,,,,0588,79546-79793,501531.92,FISCAL RANGO
2025-07-12,RESUMEN DE VENTAS ZZN0028263,,,,,0589,79794-80006,387540.87,FISCAL RANGO
2025-07-13,RESUMEN DE VENTAS ZZN0028263,,,,,0590,80007-80104,119325.56,FISCAL RANGO
2025-07-14,RESUMEN DE VENTAS ZZN0028263,,,,,0591,80105-80311,403903.75,FISCAL RANGO
2025-07-15,RESUMEN DE VENTAS ZZN0028263,,,,,0592,80312-80618,444349.57,FISCAL RANGO
2025-07-16,RESUMEN DE VENTAS ZZN0028263,,,,,0593,80619-80956,464673.53,FISCAL RANGO
2025-07-17,RESUMEN DE VENTAS ZZN0028263,,,,,0594,80957-81292,567512.10,FISCAL RANGO
2025-07-18,RESUMEN DE VENTAS ZZN0028263,,,,,0595,81293-81637,557843.76,FISCAL RANGO
2025-07-19,RESUMEN DE VENTAS ZZN0028263,,,,,0596,81638-81961,625395.72,FISCAL RANGO
2025-07-20,RESUMEN DE VENTAS ZZN0028263,,,,,0597,81962-82104,205762.18,FISCAL RANGO
2025-07-21,RESUMEN DE VENTAS ZZN0028263,,,,,0598,82105-82423,438802.98,FISCAL RANGO
2025-07-22,RESUMEN DE VENTAS ZZN0028263,,,,,0599,82424-82755,453018.72,FISCAL RANGO
2025-07-23,RESUMEN DE VENTAS ZZN0028263,,,,,0600,82756-82968,311667.04,FISCAL RANGO
2025-07-24,RESUMEN DE VENTAS ZZN0028263,,,,,0601,82969-83315,404274.37,FISCAL RANGO
2025-07-25,RESUMEN DE VENTAS ZZN0028263,,,,,0602,83316-83569,389827.96,FISCAL RANGO
2025-07-26,RESUMEN DE VENTAS ZZN0028263,,,,,0603,83570-83942,604379.43,FISCAL RANGO
2025-07-27,RESUMEN DE VENTAS ZZN0028263,,,,,0604,83943-84067,141092.25,FISCAL RANGO
2025-07-28,RESUMEN DE VENTAS ZZN0028263,,,,,0605,84068-84430,762389.89,FISCAL RANGO
2025-07-29,RESUMEN DE VENTAS ZZN0028263,,,,,0606,84431-84762,582748.76,FISCAL RANGO
2025-07-30,RESUMEN DE VENTAS ZZN0028263,,,,,0607,84763-85058,501964.57,FISCAL RANGO
2025-07-31,RESUMEN DE VENTAS ZZN0028263,,,,,0608,85059-85233,1007764.88,FISCAL RANGO
2025-08-01,RESUMEN DE VENTAS ZZN0028263,,,,,0609,85234-85568,476654.89,FISCAL RANGO
2025-08-02,RESUMEN DE VENTAS ZZN0028263,,,,,0610,85569-86044,600000.00,FISCAL RANGO
2025-08-03,RESUMEN DE VENTAS ZZN0028263,,,,,0611,86045-86210,141298.53,FISCAL RANGO
2025-08-04,RESUMEN DE VENTAS ZZN0028263,,,,,0612,86211-86616,555582.79,FISCAL RANGO
2025-08-05,RESUMEN DE VENTAS ZZN0028263,,,,,0613,86617-86963,448429.51,FISCAL RANGO
2025-08-06,RESUMEN DE VENTAS ZZN0028263,,,,,0614,86964-87281,522511.06,FISCAL RANGO
2025-08-07,RESUMEN DE VENTAS ZZN0028263,,,,,0615,87282-87605,411497.36,FISCAL RANGO
2025-08-08,RESUMEN DE VENTAS ZZN0028263,,,,,0616,87606-88025,537939.75,FISCAL RANGO
2025-08-09,RESUMEN DE VENTAS ZZN0028263,,,,,0617,88026-88397,676364.00,FISCAL RANGO
2025-08-10,RESUMEN DE VENTAS ZZN0028263,,,,,0618,88398-88491,332889.57,FISCAL RANGO
2025-08-11,RESUMEN DE VENTAS ZZN0028263,,,,,0619,88492-88767,662900.76,FISCAL RANGO
2025-08-12,RESUMEN DE VENTAS ZZN0028263,,,,,0620,88768-89148,1100000.00,FISCAL RANGO
2025-08-13,RESUMEN DE VENTAS ZZN0028263,,,,,0621,89149-89510,583722.41,FISCAL RANGO
2025-08-14,RESUMEN DE VENTAS ZZN0028263,,,,,0622,89511-89874,717116.22,FISCAL RANGO
2025-08-15,RESUMEN DE VENTAS ZZN0028263,,,,,0623,89875-90237,704411.62,FISCAL RANGO
2025-08-16,RESUMEN DE VENTAS ZZN0028263,,,,,0624,90238-90679,1100000.00,FISCAL RANGO
2025-08-17,RESUMEN DE VENTAS ZZN0028263,,,,,0625,90680-90800,213589.95,FISCAL RANGO
2025-08-18,RESUMEN DE VENTAS ZZN0028263,,,,,0626,90801-91161,744030.03,FISCAL RANGO
2025-08-19,RESUMEN DE VENTAS ZZN0028263,,,,,0627,91162-91605,1224504.97,FISCAL RANGO
2025-08-20,RESUMEN DE VENTAS ZZN0028263,,,,,0628,91606-91981,1581097.95,FISCAL RANGO
2025-08-21,RESUMEN DE VENTAS ZZN0028263,,,,,0629,91982-92230,888437.31,FISCAL RANGO
2025-08-22,RESUMEN DE VENTAS ZZN0028263,,,,,0630,92231-92558,810947.10,FISCAL RANGO
2025-08-23,RESUMEN DE VENTAS ZZN0028263,,,,,0631,92559-92687,795294.26,FISCAL RANGO
2025-08-24,RESUMEN DE VENTAS ZZN0028263,,,,,0632,92688-92792,330000.00,FISCAL RANGO
2025-08-25,RESUMEN DE VENTAS ZZN0028263,,,,,0633,92793-93149,1110975.27,FISCAL RANGO
2025-08-26,RESUMEN DE VENTAS ZZN0028263,,,,,0634,93150-93428,1047888.20,FISCAL RANGO
2025-08-28,RESUMEN DE VENTAS ZZN0028263,,,,,0636,93564-93711,704957.98,FISCAL RANGO
2025-08-28,RESUMEN DE VENTAS ZZN0028263,,,,,0635,93429-93563,711423.58,FISCAL RANGO
2025-08-29,RESUMEN DE VENTAS ZZN0028263,,,,,0637,93712-93829,636519.43,FISCAL RANGO
2025-08-30,RESUMEN DE VENTAS ZZN0028263,,,,,0638,93830-94017,930230.26,FISCAL RANGO
2025-08-31,RESUMEN DE VENTAS ZZN0028263,,,,,0639,94018-94140,267227.45,FISCAL RANGO
2025-09-01,RESUMEN DE VENTAS ZZN0028263,,,,,0640,94141-94405,714624.03,FISCAL RANGO
2025-09-02,RESUMEN DE VENTAS ZZN0028263,,,,,0641,94406-94616,746310.21,FISCAL RANGO
2025-09-03,RESUMEN DE VENTAS ZZN0028263,,,,,0642,94617-94875,827421.98,FISCAL RANGO
2025-09-04,RESUMEN DE VENTAS ZZN0028263,,,,,0643,94876-95054,836429.07,FISCAL RANGO
2025-09-05,RESUMEN DE VENTAS ZZN0028263,,,,,0644,95055-95352,740697.07,FISCAL RANGO
2025-09-06,RESUMEN DE VENTAS ZZN0028263,,,,,0645,95353-95601,805506.74,FISCAL RANGO
2025-09-07,RESUMEN DE VENTAS ZZN0028263,,,,,0646,95602-95675,228237.12,FISCAL RANGO
2025-09-08,RESUMEN DE VENTAS ZZN0028263,,,,,0647,95676-95852,752995.45,FISCAL RANGO
2025-09-09,RESUMEN DE VENTAS ZZN0028263,,,,,0648,95853-96221,804516.64,FISCAL RANGO
2025-09-10,RESUMEN DE VENTAS ZZN0028263,,,,,0649,96222-96425,1125596.27,FISCAL RANGO
2025-09-11,RESUMEN DE VENTAS ZZN0028263,,,,,0650,96426-96733,705533.11,FISCAL RANGO
2025-09-12,RESUMEN DE VENTAS ZZN0028263,,,,,0651,96734-97032,814318.50,FISCAL RANGO
2025-09-13,RESUMEN DE VENTAS ZZN0028263,,,,,0652,97033-97386,1197713.95,FISCAL RANGO
2025-09-14,RESUMEN DE VENTAS ZZN0028263,,,,,0653,97387-97520,300836.41,FISCAL RANGO
2025-09-15,RESUMEN DE VENTAS ZZN0028263,,,,,0654,97521-97794,929879.20,FISCAL RANGO
2025-09-16,RESUMEN DE VENTAS ZZN0028263,,,,,0655,97795-97877,804609.00,FISCAL RANGO
2025-09-17,RESUMEN DE VENTAS ZZN0028263,,,,,0656,97878-98259,847045.95,FISCAL RANGO
2025-09-18,RESUMEN DE VENTAS ZZN0028263,,,,,0657,98260-98553,1137569.42,FISCAL RANGO
2025-09-19,RESUMEN DE VENTAS ZZN0028263,,,,,0658,98554-98929,970822.37,FISCAL RANGO
2025-09-20,RESUMEN DE VENTAS ZZN0028263,,,,,0659,98930-99225,1376255.33,FISCAL RANGO
2025-09-21,RESUMEN DE VENTAS ZZN0028263,,,,,0660,99226-99362,333882.28,FISCAL RANGO
2025-09-22,RESUMEN DE VENTAS ZZN0028263,,,,,0661,99363-99758,868657.14,FISCAL RANGO
2025-09-23,RESUMEN DE VENTAS ZZN0028263,,,,,0662,99759-100101,958713.51,FISCAL RANGO
2025-09-24,RESUMEN DE VENTAS ZZN0028263,,,,,0663,100102-100456,935136.54,FISCAL RANGO
2025-09-25,RESUMEN DE VENTAS ZZN0028263,,,,,0664,100457-100708,1320759.07,FISCAL RANGO
2025-09-26,RESUMEN DE VENTAS ZZN0028263,,,,,0665,100709-100999,1000524.67,FISCAL RANGO
2025-09-27,RESUMEN DE VENTAS ZZN0028263,,,,,0666,101000-101379,878978.79,FISCAL RANGO
2025-09-28,RESUMEN DE VENTAS ZZN0028263,,,,,0667,101380-101516,820744.95,FISCAL RANGO
2025-09-29,RESUMEN DE VENTAS ZZN0028263,,,,,0668,101517-101780,906839.02,FISCAL RANGO
2025-09-30,RESUMEN DE VENTAS ZZN0028263,,,,,0669,101781-101967,853783.01,FISCAL RANGO
2025-10-01,RESUMEN DE VENTAS ZZN0028263,,,,,0670,101968-102379,1221395.75,FISCAL RANGO
2025-10-02,RESUMEN DE VENTAS ZZN0028263,,,,,0671,102380-102554,1101045.79,FISCAL RANGO
2025-10-03,RESUMEN DE VENTAS ZZN0028263,,,,,0672,102555-102918,860356.22,FISCAL RANGO
2025-10-04,RESUMEN DE VENTAS ZZN0028263,,,,,0673,102919-103312,919773.83,FISCAL RANGO
2025-10-05,RESUMEN DE VENTAS ZZN0028263,,,,,0674,103313-103506,468239.22,FISCAL RANGO
2025-10-06,RESUMEN DE VENTAS ZZN0028263,,,,,0675,103507-103829,934671.66,FISCAL RANGO
2025-10-07,RESUMEN DE VENTAS ZZN0028263,,,,,0676,103830-104094,805385.35,FISCAL RANGO
2025-10-08,RESUMEN DE VENTAS ZZN0028263,,,,,0677,104095-104443,987674.03,FISCAL RANGO
2025-10-09,RESUMEN DE VENTAS ZZN0028263,,,,,0678,104444-104768,933882.26,FISCAL RANGO
2025-10-10,RESUMEN DE VENTAS ZZN0028263,,,,,0679,104769-105067,622743.22,FISCAL RANGO
2025-10-11,RESUMEN DE VENTAS ZZN0028263,,,,,0680,105068-105493,918844.62,FISCAL RANGO
2025-10-12,RESUMEN DE VENTAS ZZN0028263,,,,,0681,105494-105695,326152.65,FISCAL RANGO
2025-10-13,RESUMEN DE VENTAS ZZN0028263,,,,,0682,105696-105850,979379.18,FISCAL RANGO
2025-10-14,RESUMEN DE VENTAS ZZN0028263,,,,,0683,105851-105959,802035.18,FISCAL RANGO
2025-10-15,RESUMEN DE VENTAS ZZN0028263,,,,,0684,105960-106199,758083.38,FISCAL RANGO
2025-10-16,RESUMEN DE VENTAS ZZN0028263,,,,,0685,106200-106627,1235647.06,FISCAL RANGO
2025-10-17,RESUMEN DE VENTAS ZZN0028263,,,,,0686,106628-106903,2031453.18,FISCAL RANGO
2025-10-18,RESUMEN DE VENTAS ZZN0028263,,,,,0687,106904-107360,1969023.73,FISCAL RANGO
2025-10-19,RESUMEN DE VENTAS ZZN0028263,,,,,0688,107361-107223,713293.57,FISCAL RANGO
2025-10-20,RESUMEN DE VENTAS ZZN0028263,,,,,0689,107224-108015,1157072.82,FISCAL RANGO
2025-10-21,RESUMEN DE VENTAS ZZN0028263,,,,,0690,108016-108498,1217858.68,FISCAL RANGO
2025-10-22,RESUMEN DE VENTAS ZZN0028263,,,,,0691,108499-108719,1978487.15,FISCAL RANGO
2025-10-23,RESUMEN DE VENTAS ZZN0028263,,,,,0692,108720-109171,1033956.11,FISCAL RANGO
2025-10-24,RESUMEN DE VENTAS ZZN0028263,,,,,0693,109172-109357,1245993.47,FISCAL RANGO
2025-10-25,RESUMEN DE VENTAS ZZN0028263,,,,,0694,109358-109677,1331804.21,FISCAL RANGO
2025-10-26,RESUMEN DE VENTAS ZZN0028263,,,,,0695,109678-109915,605833.10,FISCAL RANGO
2025-10-27,RESUMEN DE VENTAS ZZN0028263,,,,,0696,109916-110086,736854.90,FISCAL RANGO
2025-10-28,RESUMEN DE VENTAS ZZN0028263,,,,,0697,110087-110368,1313011.37,FISCAL RANGO
2025-10-29,RESUMEN DE VENTAS ZZN0028263,,,,,0698,110369-110599,875993.46,FISCAL RANGO
2025-10-30,RESUMEN DE VENTAS ZZN0028263,,,,,0699,110600-110803,1051237.60,FISCAL RANGO
2025-10-31,RESUMEN DE VENTAS ZZN0028263,,,,,0700,110804-110997,1905542.79,FISCAL RANGO
2025-11-01,RESUMEN DE VENTAS ZZN0028263,,,,,0701,110998-111381,1007730.80,FISCAL RANGO
2025-11-02,RESUMEN DE VENTAS ZZN0028263,,,,,0702,111382-111538,584985.30,FISCAL RANGO
2025-11-03,RESUMEN DE VENTAS ZZN0028263,,,,,0703,111539-111771,875614.93,FISCAL RANGO
2025-11-04,RESUMEN DE VENTAS ZZN0028263,,,,,0704,111772-112021,1179446.12,FISCAL RANGO
2025-11-05,RESUMEN DE VENTAS ZZN0028263,,,,,0705,112022-112394,1319868.90,FISCAL RANGO
2025-11-06,RESUMEN DE VENTAS ZZN0028263,,,,,0706,112395-112817,1523927.03,FISCAL RANGO
2025-11-07,RESUMEN DE VENTAS ZZN0028263,,,,,0707,112818-113071,1180065.95,FISCAL RANGO
2025-11-08,RESUMEN DE VENTAS ZZN0028263,,,,,0708,113072-113400,1621089.21,FISCAL RANGO
2025-11-09,RESUMEN DE VENTAS ZZN0028263,,,,,0709,113401-113552,506401.24,FISCAL RANGO
2025-11-10,RESUMEN DE VENTAS ZZN0028263,,,,,0710,113553-113972,1144650.00,FISCAL RANGO
2025-11-11,RESUMEN DE VENTAS ZZN0028263,,,,,0711,113973-114244,939894.35,FISCAL RANGO
2025-11-12,RESUMEN DE VENTAS ZZN0028263,,,,,0712,114245-114467,2774381477.30,FISCAL RANGO
2025-11-13,RESUMEN DE VENTAS ZZN0028263,,,,,0714,114624-114624,0.10,FISCAL RANGO
2025-11-13,RESUMEN DE VENTAS ZZN0028263,,,,,0713,114468-114623,663008.03,FISCAL RANGO
2025-11-14,RESUMEN DE VENTAS ZZN0028263,,,,,0715,114625-114925,1121475.48,FISCAL RANGO
2025-11-15,RESUMEN DE VENTAS ZZN0028263,,,,,0716,114926-115181,1088350.29,FISCAL RANGO
2025-11-16,RESUMEN DE VENTAS ZZN0028263,,,,,0717,115182-115395,892551.66,FISCAL RANGO
2025-11-17,RESUMEN DE VENTAS ZZN0028263,,,,,0718,115396-115713,1332604.79,FISCAL RANGO
2025-11-18,RESUMEN DE VENTAS ZZN0028263,,,,,0719,115714-116023,1190626.58,FISCAL RANGO
2025-11-19,RESUMEN DE VENTAS ZZN0028263,,,,,0720,116024-116296,1009971.05,FISCAL RANGO
2025-11-20,RESUMEN DE VENTAS ZZN0028263,,,,,0721,116297-116522,16498435836.31,FISCAL RANGO
2025-11-21,RESUMEN DE VENTAS ZZN0028263,,,,,0722,116523-116781,960868.09,FISCAL RANGO
2025-11-22,RESUMEN DE VENTAS ZZN0028263,,,,,0723,116782-117069,1213247.27,FISCAL RANGO
2025-11-23,RESUMEN DE VENTAS ZZN0028263,,,,,0724,117070-117228,548627.65,FISCAL RANGO
2025-11-24,RESUMEN DE VENTAS ZZN0028263,,,,,0725,117229-117566,1484954.81,FISCAL RANGO
2025-11-25,RESUMEN DE VENTAS ZZN0028263,,,,,0726,117567-117947,1532993.54,FISCAL RANGO
2025-11-26,RESUMEN DE VENTAS ZZN0028263,,,,,0727,117948-118374,1702803.87,FISCAL RANGO
2025-11-27,RESUMEN DE VENTAS ZZN0028263,,,,,0729,118375-118690,1395033.77,FISCAL RANGO
2025-11-28,RESUMEN DE VENTAS ZZN0028263,,,,,0730,118691-118880,1062343.20,FISCAL RANGO
2025-11-29,RESUMEN DE VENTAS ZZN0028263,,,,,0731,118881-119143,1061519.33,FISCAL RANGO
2025-11-30,RESUMEN DE VENTAS ZZN0028263,,,,,0732,119144-119326,1022687.58,FISCAL RANGO
2025-12-01,RESUMEN DE VENTAS ZZN0028263,,,,,0733,119327-119574,1294180.87,FISCAL RANGO
2025-12-02,RESUMEN DE VENTAS ZZN0028263,,,,,0734,119575-119878,1524001.55,FISCAL RANGO
2025-12-03,RESUMEN DE VENTAS ZZN0028263,,,,,0735,119879-120101,235657892.23,FISCAL RANGO
2025-12-04,RESUMEN DE VENTAS ZZN0028263,,,,,0736,120102-120289,1000178.01,FISCAL RANGO
2025-12-05,RESUMEN DE VENTAS ZZN0028263,,,,,0737,120290-120483,91897569.89,FISCAL RANGO
2025-12-06,RESUMEN DE VENTAS ZZN0028263,,,,,0738,120484-120686,1412012.73,FISCAL RANGO
2025-12-07,RESUMEN DE VENTAS ZZN0028263,,,,,0739,120687-120819,553606.20,FISCAL RANGO
2025-12-08,RESUMEN DE VENTAS ZZN0028263,,,,,0740,120820-121062,1091130.83,FISCAL RANGO
2025-12-09,RESUMEN DE VENTAS ZZN0028263,,,,,0741,121063-121330,1248579.60,FISCAL RANGO
2025-12-10,RESUMEN DE VENTAS ZZN0028263,,,,,0742,121331-121575,19632958759.34,FISCAL RANGO
2025-12-11,RESUMEN DE VENTAS ZZN0028263,,,,,0743,121576-121791,1097020.09,FISCAL RANGO
2025-12-12,RESUMEN DE VENTAS ZZN0028263,,,,,0744,121792-122019,1547876.46,FISCAL RANGO
2025-12-13,RESUMEN DE VENTAS ZZN0028263,,,,,0745,122020-122228,1378002.12,FISCAL RANGO
2025-12-14,RESUMEN DE VENTAS ZZN0028263,,,,,0746,122229-122343,515265.94,FISCAL RANGO
2025-12-15,RESUMEN DE VENTAS ZZN0028263,,,,,0747,122344-122561,1123585.18,FISCAL RANGO
2025-12-16,RESUMEN DE VENTAS ZZN0028263,,,,,0748,122562-122784,43550883.92,FISCAL RANGO
2025-12-17,RESUMEN DE VENTAS ZZN0028263,,,,,0749,122785-122926,696907.48,FISCAL RANGO
2025-12-18,RESUMEN DE VENTAS ZZN0028263,,,,,0750,122927-123145,79596512.00,FISCAL RANGO
2025-12-19,RESUMEN DE VENTAS ZZN0028263,,,,,0751,123146-123537,1573639.28,FISCAL RANGO
2025-12-20,RESUMEN DE VENTAS ZZN0028263,,,,,0752,123538-123898,1486945.86,FISCAL RANGO
2025-12-21,RESUMEN DE VENTAS ZZN0028263,,,,,0753,123899-124050,716382.52,FISCAL RANGO
2025-12-22,RESUMEN DE VENTAS ZZN0028263,,,,,0754,124051-124384,1627172.14,FISCAL RANGO
2025-12-23,RESUMEN DE VENTAS ZZN0028263,,,,,0755,124385-124603,1115205.20,FISCAL RANGO
2025-12-24,RESUMEN DE VENTAS ZZN0028263,,,,,0756,124604-124826,697995.98,FISCAL RANGO
2025-12-26,RESUMEN DE VENTAS ZZN0028263,,,,,0757,124827-125094,1205848.13,FISCAL RANGO
2025-12-27,RESUMEN DE VENTAS ZZN0028263,,,,,0758,125095-125308,993393.12,FISCAL RANGO
2025-12-28,RESUMEN DE VENTAS ZZN0028263,,,,,0759,125309-125425,593785.50,FISCAL RANGO
2025-12-29,RESUMEN DE VENTAS ZZN0028263,,,,,0760,125426-125617,907090.39,FISCAL RANGO
2026-01-08,RESUMEN DE VENTAS ZZN0028263,,,,,0761,125618-125733,979970.25,FISCAL RANGO
2026-01-09,RESUMEN DE VENTAS ZZN0028263,,,,,0762,125734-125832,13033182.61,FISCAL RANGO
2026-01-10,RESUMEN DE VENTAS ZZN0028263,,,,,0763,125833-125995,537867.63,FISCAL RANGO
2026-01-11,RESUMEN DE VENTAS ZZN0028263,,,,,0764,125996-126042,93628.24,FISCAL RANGO
2026-01-12,RESUMEN DE VENTAS ZZN0028263,,,,,0766,126043-126478,891408.80,FISCAL RANGO
2026-01-13,RESUMEN DE VENTAS ZZN0028263,,,,,0767,126479-126682,833178.61,FISCAL RANGO
2026-01-14,RESUMEN DE VENTAS ZZN0028263,,,,,0768,126683-126782,492080.26,FISCAL RANGO
2026-01-15,RESUMEN DE VENTAS ZZN0028263,,,,,0769,126783-126919,716952.24,FISCAL RANGO
2026-01-16,RESUMEN DE VENTAS ZZN0028263,,,,,0770,126920-127045,1010968.29,FISCAL RANGO
2026-01-17,RESUMEN DE VENTAS ZZN0028263,,,,,0771,127046-127262,1105684.26,FISCAL RANGO
2026-01-18,RESUMEN DE VENTAS ZZN0028263,,,,,0772,127263-127349,438771.77,FISCAL RANGO
2026-01-19,RESUMEN DE VENTAS ZZN0028263,,,,,0773,127350-127509,713526.65,FISCAL RANGO
2026-01-20,RESUMEN DE VENTAS ZZN0028263,,,,,0774,127510-127623,643711.57,FISCAL RANGO
2026-01-21,RESUMEN DE VENTAS ZZN0028263,,,,,0775,127624-127765,1872624.95,FISCAL RANGO
2026-01-22,RESUMEN DE VENTAS ZZN0028263,,,,,0776,127766-127856,757309.58,FISCAL RANGO
2026-01-23,RESUMEN DE VENTAS ZZN0028263,,,,,0777,127857-128075,880666.21,FISCAL RANGO
2026-01-24,RESUMEN DE VENTAS ZZN0028263,,,,,0778,128076-128146,914796.62,FISCAL RANGO
2026-01-25,RESUMEN DE VENTAS ZZN0028263,,,,,0779,128147-128201,162814.80,FISCAL RANGO
2026-01-26,RESUMEN DE VENTAS ZZN0028263,,,,,0780,128202-128307,846626.39,FISCAL RANGO
2026-01-27,RESUMEN DE VENTAS ZZN0028263,,,,,0781,128308-128355,445322.29,FISCAL RANGO
2026-01-28,RESUMEN DE VENTAS ZZN0028263,,,,,0782,128356-128428,428601.81,FISCAL RANGO
2026-01-29,RESUMEN DE VENTAS ZZN0028263,,,,,0783,128429-128770,641274.88,FISCAL RANGO
2026-01-30,RESUMEN DE VENTAS ZZN0028263,,,,,0784,128771-128792,414831.63,FISCAL RANGO
2026-01-31,RESUMEN DE VENTAS ZZN0028263,,,,,0785,128793-128809,206437.52,FISCAL RANGO
2026-02-01,RESUMEN DE VENTAS ZZN0028263,,,,,0786,128810-128884,104061.02,FISCAL RANGO
2026-02-02,RESUMEN DE VENTAS ZZN0028263,,,,,0787,128885-128904,237573.63,FISCAL RANGO
2026-02-03,RESUMEN DE VENTAS ZZN0028263,,,,,0788,128905-128926,241545.72,FISCAL RANGO
2026-02-04,RESUMEN DE VENTAS ZZN0028263,,,,,0789,128927-128931,88800.80,FISCAL RANGO
2026-02-05,RESUMEN DE VENTAS ZZN0028263,,,,,0790,128932-128947,87624.31,FISCAL RANGO
2026-02-06,RESUMEN DE VENTAS ZZN0028263,,,,,0791,128948-128952,23811.58,FISCAL RANGO
2026-02-07,RESUMEN DE VENTAS ZZN0028263,,,,,0792,128953-128989,198518.00,FISCAL RANGO
2026-02-08,RESUMEN DE VENTAS ZZN0028263,,,,,0793,128990-128993,44017.91,FISCAL RANGO
2026-02-09,RESUMEN DE VENTAS ZZN0028263,,,,,0794,128994-129031,186093.10,FISCAL RANGO
2026-02-10,RESUMEN DE VENTAS ZZN0028263,,,,,0795,129032-129041,209261.23,FISCAL RANGO
2026-02-11,RESUMEN DE VENTAS ZZN0028263,,,,,0796,129042-129191,437772.74,FISCAL RANGO
2026-02-12,RESUMEN DE VENTAS ZZN0028263,,,,,0797,129192-129530,757678.51,FISCAL RANGO
2026-02-13,RESUMEN DE VENTAS ZZN0028263,,,,,0798,129531-129646,90751.85,FISCAL RANGO
2026-02-14,RESUMEN DE VENTAS ZZN0028263,,,,,0799,129647-129904,547105.16,FISCAL RANGO
2026-02-15,RESUMEN DE VENTAS ZZN0028263,,,,,0800,129905-129945,266494.40,FISCAL RANGO
2026-02-16,RESUMEN DE VENTAS ZZN0028263,,,,,0801,129946-129949,5170.98,FISCAL RANGO
2026-02-17,RESUMEN DE VENTAS ZZN0028263,,,,,0802,129950-129956,121877.59,FISCAL RANGO
2026-02-18,RESUMEN DE VENTAS ZZN0028263,,,,,0803,129957-129972,297674.51,FISCAL RANGO
2026-02-19,RESUMEN DE VENTAS ZZN0028263,,,,,0804,129973-129979,79335.20,FISCAL RANGO
2026-02-20,RESUMEN DE VENTAS ZZN0028263,,,,,0805,129980-129987,274491.79,FISCAL RANGO
2026-02-21,RESUMEN DE VENTAS ZZN0028263,,,,,0806,129988-129998,72531.98,FISCAL RANGO
2026-02-22,RESUMEN DE VENTAS ZZN0028263,,,,,0807,129999-130134,581302.41,FISCAL RANGO
2026-02-23,RESUMEN DE VENTAS ZZN0028263,,,,,0808,130135-130346,109646.88,FISCAL RANGO
2026-02-24,RESUMEN DE VENTAS ZZN0028263,,,,,0809,130347-130583,123733.67,FISCAL RANGO
2026-02-25,RESUMEN DE VENTAS ZZN0028263,,,,,0810,130584-130865,1168033.90,FISCAL RANGO
2026-02-26,RESUMEN DE VENTAS ZZN0028263,,,,,0811,130866-131147,1041641.00,FISCAL RANGO
2026-02-27,RESUMEN DE VENTAS ZZN0028263,,,,,0812,131148-131450,357670.15,FISCAL RANGO
2026-02-28,RESUMEN DE VENTAS ZZN0028263,,,,,0813,131451-131590,463716.29,FISCAL RANGO
2024-03-16,CRUZ CARRILLO,V-10.464.744,,,,,SERIE L 00000001,6456.05,FISCAL UNITARIA
2026-02-02,"MULTISERVICIOS GARCIA, C.A",J-90447781-0,,,,,SERIE L 00000006,964991.60,FISCAL UNITARIA
2026-02-10,"INVERSIONES JL 2018, C.A.",J-91101675-6,,,,,SERIE L 00000007,1105977.05,FISCAL UNITARIA
2026-02-13,"PREVISIONES LUZ DEL CIELO, C.A.",J-50228170-3,,,,,SERIE L 00000008,811361.66,FISCAL UNITARIA
2026-02-16,"FUNDACIONES E1 CCM, C.A.",J-41289126-8,,,,,SERIE L 00000009,1398356.07,FISCAL UNITARIA
2026-02-18,"RESIDENCIAS AMBAR 1, C.A.",J-30700871-7,,,,,SERIE L 00000010,964991.60,FISCAL UNITARIA
2026-02-19,"INVERSIONES P & P 2015, C.C.",J-40650156-5,,,,,SERIE L 00000011,921779.64,FISCAL UNITARIA
2026-02-20,"TORRE INDUSTRIA I Y II, C.A.",J-30993763-4,,,,,SERIE L 00000012,1164552.13,FISCAL UNITARIA
2026-02-21,"BYTEPLUS, C.A.",J-50102208-9,,,,,SERIE L 00000013,1322903.42,FISCAL UNITARIA
2026-02-22,"GRANJA ORGANICA RAKE, C.A.",J-50603738-6,,,,,SERIE L 00000014,1008203.56,FISCAL UNITARIA
2026-02-23,"POLLO SUPER TIUNA, C.A.",J-40107963-6,,,,,SERIE L 00000015,1175472.90,FISCAL UNITARIA
2026-02-24,ANTONIO MEJIAS,V-9.154.889,,,,,SERIE L 00000016,1164552.13,FISCAL UNITARIA
2026-02-25,"LICEO SAN JOSÉ DE CAGUA, C.A.",V-07136875-4,,,,,SERIE L 00000018,1114415.83,FISCAL UNITARIA
2026-02-26,"JABONES TUIKUI, C.A.",J-50502717-4,,,,,SERIE L 00000019,866570.65,FISCAL UNITARIA
2026-02-27,"SERVICIOS DE MANTENIMIENTO MARACAY, C.A.",J-50268879-0,,,,,SERIE L 00000020,1219652.43,FISCAL UNITARIA
2026-02-28,"GRUPO MEDICO CIMACO, C.A.",J-50141829-2,,,,,SERIE L 00000021,1387435.30,FISCAL UNITARIA
2024-04-19,"OMAR EL HENAOUI SALAH (COMERCIALIZADORA Y DISTRIBUIDORA ""EL ARABITO 222"" F.P)",V-21628222-8,,14584,,,SERIE L 00000001,-2798214.54,REDUCE EL TOTAL DE ESE DIA
2024-07-11,"SANITARIOS MARACAY, S.A. ",J-00033748-9,,29281,,,SERIE L 00000002,-638.93,REDUCE EL TOTAL DE ESE DIA
2024-09-12,"INVERSIONES ALEX 2012, C.A.",J-40001094-2,,34938,,,SERIE L 00000003,-190639.86,REDUCE EL TOTAL DE ESE DIA
2024-09-18,"RECUPERADORA LOS MENDOZA, C.A.",J-41158926-8,,35570,,,SERIE L 00000004,-96117961.17,REDUCE EL TOTAL DE ESE DIA
2024-11-19,TESTIGOS DE JEHOVA DE VENEZUELA,J-00246531-0,,44219,,,SERIE L 00000005,-512.74,REDUCE EL TOTAL DE ESE DIA
2025-11-12,PABLO ARRAEZ,V-19.058.493,,114443,,,SERIE L 00000006,-2773269834.54,REDUCE EL TOTAL DE ESE DIA
2025-11-20,ALICIA ARANA,V-9.876.255,,116509,,,SERIE L 00000007,-16497612427.25,REDUCE EL TOTAL DE ESE DIA
2025-12-03,TRANI MUÑOZ,V-21.271.646,,119900,,,SERIE L 00000009,-234247697.78,REDUCE EL TOTAL DE ESE DIA
2025-12-05,"CONSTRUCTORA Y SERVICIOS VRF, C.A.",J-50364839-2,,120479,,,SERIE L 00000012,-90755087.04,REDUCE EL TOTAL DE ESE DIA
2025-12-10,ISABEL MUÑOZ,V-21.271.046,,121493,,,SERIE L 00000013,-19631627914.03,REDUCE EL TOTAL DE ESE DIA
2025-12-16,ALEXA ARANA,V-9.876.255,,122784,,,SERIE L 00000014,-42433745.06,REDUCE EL TOTAL DE ESE DIA
2025-12-18,MARIANA ECHENIQUE,V-18.726.655,,123115,,,SERIE L 00000015,-78461677.38,REDUCE EL TOTAL DE ESE DIA
2026-01-09,AURALIS ARGUELLO,V-12.585.975,,125796,,,SERIE L 00000017,-9551808.00,REDUCE EL TOTAL DE ESE DIA
2026-01-09,EDITH GARCIA,V-10.130.847,,125750,,,SERIE L 00000018,-2916332.16,REDUCE EL TOTAL DE ESE DIA