Primer cuatrimestre 2023,,,,,,,,,,,
MES DE ENERO,,,MES DE FEBRERO,,,MES DE MARZO,,,MES DE ABRIL,,
DÍA,BCV​,PARALELO,DÍA,BCV​,PARALELO​,DÍA,BCV​,PARALELO,DÍA,BCV​,PARALELO
1,domingo,domingo,1,Bs. 22.37,Bs. 23.30,1,Bs. 24.36,Bs. 24.46,1,sábado,sábado
2,Bs. 17.49,Bs. 18.83,2,Bs. 22.43,Bs. 23.55,2,Bs. 24.35,Bs. 24.49,2,domingo,domingo
3,Bs. 17.56,Bs. 19.44,3,Bs.22.68,Bs. 23.68,3,Bs. 24.35,Bs. 24.64,3,Bs. 24.52,Bs. 24.95
4,Bs. 17.86,Bs. 19.82,4,sábado,sábado,4,sábado,sábado,4,Bs. 24.48,Bs. 24.93
5,Bs. 17.94,Bs. 20.28,5,domingo,domingo,5,domingo,domingo,5,Bs. 24.44,Bs. 24.77
6,Bs. 18.39,Bs. 20.61,6,Bs. 22.90,Bs. 24.06,6,Bs. 24.31,Bs. 24.49,6,Jueves Santo,J. Santo
7,sábado,sábado,7,Bs. 23.14,Bs. 24.68,7,Bs. 24.27,Bs. 24.47,7,Viernes Santo,V. Santo
8,domingo,domingo,8,Bs. 23.61,Bs. 25.02,8,Bs. 24.15,Bs. 24.41,8,sábado,sábado
9,Bs. 18.61,Bs. 20.09,9,Bs. 23.80,Bs. 24.82,9,Bs. 24.17,Bs. 24.32,9,domingo,domingo
10,Bs. 18.61,Bs. 20.23,10,Bs. 24.19,Bs. 24.72,10,Bs. 24.13,Bs. 24.28,10,Bs. 24.48,Bs. 24.92
11,Bs. 18.80,Bs. 20.67,11,sábado,sábado,11,sábado,sábado,11,Bs. 24.39,Bs. 25.06
12,Bs. 19.05,Bs. 21.21,12,domingo,domingo,12,domingo,domingo,12,Bs. 24.47,Bs. 24.84
13,Bs. 19.27,Bs. 20.93,13,Bs. 24.20,Bs. 24 80,13,Bs. 24.15,Bs. 24.23,13,Bs. 24.47,Bs. 24.87
14,sábado,sábado,14,Bs. 24.25,Bs. 24.95,14,Bs. 24.11,Bs. 24.46,14,Bs. 24.54,Bs. 24.82
15,domingo,domingo,15,Bs. 24.34,Bs. 25.00,15,Bs. 24.00,Bs. 24.54,15,sábado,sábado
16,Bs. 19.45,Bs. 20.98,16,Bs. 24.36,Bs. 25.09,16,Bs. 24.06,Bs. 24.80,16,domingo,domingo
17,Bs. 19.66,Bs. 21.77,17,Bs. 24.38,Bs.25.02,17,Bs. 24.12,Bs. 25.38,17,Bs. 24.57,Bs. 24.85
18,Bs. 19.97,Bs. 22.20,18,sábado,sábado,18,sábado,sábado,18,Bs. 24.56,Bs. 25.03
19,Bs. 19.98,Bs. 22.35,19,domingo,domingo,19,domingo,domingo,19,Bs. 24.56,Bs. 25.28
20,Bs. 20.29,Bs. 21.60,20,Feriado,Feriado,20,Bs. 24.20,Bs. 25.29,20,Bs. 24.56,Bs. 25.15
21,sábado,sábado,21,Feriado,Feriado,21,Bs. 24.22,Bs. 25.10,21,Bs. 24.57,Bs. 25.31
22,domingo,domingo,22,Bs.24 40,Bs. 25.44,22,Bs. 24.24,Bs. 25.40,22,sábado,sábado
23,Bs. 20.52,Bs. 21.99,23,Bs. 24.39,Bs. 25.23,23,Bs. 24.20,Bs. 25.68,23,domingo,domingo
24,Bs. 20.73,Bs. 22.56,24,Bs. 24.37,Bs. 24.85,24,Bs. 24.30,Bs. 25.65,24,Bs. 24.64,Bs. 25.79
25,Bs. 21.17,Bs. 23.03,25,sábado,sábado,25,sábado,sábado,25,Bs. 24.61,Bs. 25.53
26,Bs. 21.31,Bs. 23.22,26,domingo,domingo,26,domingo,domingo,26,Bs. 24.65,Bs. 25.66
27,Bs. 21.71,Bs. 23.20,27,Bs. 24.41,Bs. 25.05,27,Bs. 24.40,Bs. 25.25,27,Bs. 24.63,Bs. 25.74
28,sábado,sábado,28,Bs. 24.36​,Bs. 24.70,28,Bs. 24.39,Bs. 25.32,28,Bs. 24.73,Bs. 25.61
29,domingo,domingo,,,,29,Bs.24.41,Bs. 25.07,29,sábado,sábado
30,Bs. 21.95,Bs. 22.88,,,,30,Bs. 24.48,Bs. 25.11,30,domingo,domingo
31,Bs. 21.96​,Bs.23.09,,,,31,Bs. 24.49,Bs. 24.75,,,
Segundo cuatrimestre 2023,,,,,,,,,,,
MES DE MAYO,,,MES DE JUNIO,,,MES DE JULIO,,,MES DE AGOSTO,,
DÍA,BCV​,PARALELO,DÍA,BCV​,PARALELO​,DÍA,BCV​,PARALELO,DÍA,BCV​,PARALELO
1,Bs. 24.75,Bs. 25.61,1,Bs. 26.26,Bs. 27.63,1,sábado,sábado,1,Bs. 29.50​,Bs. 31.61
2,Bs. 24.75,Bs. 25.42,2,Bs. 26.47,Bs. 27.64,2,domingo,domingo,2,Bs. 29.61,Bs. 32.32
3,Bs. 24.81,Bs. 25.63,3,sábado,sábado,3,Bs. 28.02,Bs. 29.46,3,Bs. 29.75,Bs. 33.32
4,Bs. 24.87,Bs. 25.64,4,domingo,domingo,4,Bs. 28.02​,Bs. 29.42,4,Bs. 30.10,Bs. 33.90
5,Bs. 25.03,Bs. 25.80,5,Bs. 26.60,Bs. 27.80,5,Feriado,feriado,5,sábado,sábado
6,sábado,sábado,6,Bs. 26.46,Bs. 27.79,6,Bs. 28.16,Bs. 29.48,6,domingo,domingo
7,domingo,domingo,7,Bs. 27.63,Bs. 27.99,7,Bs. 28.27,Bs. 29.66,7,Bs. 30.98,Bs. 32.98
8,Bs. 25.05,Bs. 25.91,8,Bs. 26.70,Bs. 28.16,8,sábado,sábado,8,Bs. 30.96,Bs. 33.00
9,Bs. 25.03,Bs. 26.17,9,Bs. 26.86,Bs. 28.37,9,domingo,domingo,9,Bs. 31.09,Bs. 33.09
10,Bs. 25.12,Bs. 26.38,10,sábado,sábado,10,Bs. 28.30,Bs. 29.75,10,Bs. 31.23,Bs. 33.35
11,Bs. 25.17,Bs. 26.52,11,domingo,domingo,11,Bs. 28.20,Bs. 29.86,11,Bs. 31.35,Bs. 33.29
12,Bs. 25.34,Bs. 26.70,12,Bs.27.02,Bs. 28.27,12,Bs. 28.36,Bs. 30.11,12,sábado,sábado
13,sábado,sábado,13,Bs. 27.02,Bs. 28.041,13,Bs. 28.35,Bs. 30.50,13,domingo,domingo
14,domingo,domingo,14,Bs. 27.01,Bs. 28.38,14,Bs. 28.46,Bs. 30.60,14,Bs. 31.52,Bs. 33.00
15,Bs. 25.44,Bs. 26.44,15,Bs. 27.10,Bs. 28.40,15,sábado,sábado,15,Bs. 31.52,Bs. 32.68
16,Bs. 25.49,Bs. 26.74,16,Bs. 27.17,Bs. 28.10,16,domingo,domingo,16,Bs. 31.50,Bs. 33.07
17,Bs. 25.65,Bs. 27.23,17,sábado,sábado,17,Bs. 28.61,Bs. 30.46,17,Bs. 31.61,Bs. 33.34
18,Bs. 25.81,Bs. 27.54,18,domingo,domingo,18,Bs. 28.67,Bs. 30.70,18,Bs. 31.75,Bs. 33.65
19,Bs. 25.90,Bs. 27.13,19,Bs. 27.28,Bs. 28.47,19,Bs. 28.81,Bs. 30.83,19,sábado,sábado
20,sábado,sábado.,20,Bs. 27.28,Bs. 28.70,20,Bs. 28.88,Bs. 31.08,20,domingo,domingo
21,domingo,domingo,21,Bs. 27.25,Bs. 29.04,21,Bs. 28.99,Bs. 31.46,21,Bs. 31.84,Bs. 33.60
22,Bs. 26.00,Bs. 27.15,22,Bs. 27.30,Bs. 28.97,22,sábado,sábado,22,Bs. 31.83,Bs. 33.71
23,Bs. 26.00,Bs. 27.41,23,Bs. 27.54,Bs. 29.19,23,domingo,domingo,23,Bs. 32.00,Bs. 33.67
24,Bs. 26.00,Bs. 27.50,24,sábado,sábado,24,Feriado,Feriado,24,Bs. 32.17,Bs. 33.86
25,Bs. 26.04,Bs. 27.90,25,domingo,domingo,25,Bs. 29.09,Bs. 31.29,25,Bs. 32.29,Bs. 33.87
26,Bs. 26.13,Bs. 28.21,26,Bs. 27.61,Bs. 29.58,26,Bs. 29.10,Bs. 31.45,26,sábado,sábado
27,sábado,sábado,27,Bs. 27.62,Bs. 29.72,27,Bs. 29.31,Bs. 31.74,27,domingo,domingo
28,domingo,domingo,28,Bs. 27.72,Bs. 29.84,28,Bs. 29.31,Bs. 31.86,28,Bs. 32.34,Bs. 33.94
29,Bs. 26.27,Bs. 27.74,29,Bs. 27.84,Bs. 29.48,29,sábado,sábado,29,Bs. 32.43,Bs. 34.28
30,Bs. 26.25,Bs. 27.52,30,Bs. 27.85​,Bs. 29.43​,30,domingo,domingo,30,Bs. 32.43,Bs. 34.22
31,Bs. 26.26​,Bs. 27.95,,,,31,Bs.29.51,Bs. 31.50,31,Bs. 32.50​,Bs.34.13​
Tercer cuatrimestre 2023,,,,,,,,,,,
MES DE SEPTIEMBRE,,,MES DE OCTUBRE,,,MES DE NOVIEMBRE,,,MES DE DICIEMBRE,,
DÍA,BCV​,PARALELO,DÍA,BCV​,PARALELO​,DÍA,BCV​,PARALELO,DÍA,BCV​,PARALELO
1,Bs. 32.59,Bs. 34.19,1,domingo,domingo,1,Bs. 35.06,Bs. 36.80,1,Bs. 35.51,Bs. 37.00
2,sábado,sábado,2,Bs. 34.42,Bs. 36.00,2,Bs. 35.15,Bs. 37.04,2,sábado,sábado
3,domingo,domingo,3,Bs. 34.46,Bs. 36.31,3,Bs. 35.17,Bs. 37.10,3,domingo,domingo
4,Bs. 32.81,Bs. 34.35,4,Bs. 34.66,Bs. 36.63,4,sábado,sábado,4,Bs. 35.58,Bs. 37.40
5,Bs. 32.79,Bs. 34.38,5,Bs. 34.71,Bs. 37.07,5,domingo,domingo,5,Bs. 35.52,Bs. 37.78
6,Bs. 32.93,Bs. 34.39,6,Bs. 34.75,Bs. 37.31,6,Bs. 35.23,Bs. 36.88,6,Bs. 35.55,Bs. 37.66
7,Bs. 33.74,Bs. 34.74,7,sábado,sábado,7,Bs. 35.23,Bs. 36.99,7,Bs. 35.59,Bs. 37.57
8,Bs. 33.21,Bs. 34.83,8,domingo,domingo,8,Bs. 35.15,Bs. 36.97,8,Bs. 35.60,Bs. 37.68
9,sábado,sábado,9,Bs. 34.85,Bs. 36.73,9,Bs. 35.24,Bs. 37.02,9,sábado,sábado
10,domingo,domingo,10,Bs. 34.81,Bs. 36.66,10,Bs. 35.30,Bs. 37.17,10,domingo,domingo
11,Bs. 33.34,Bs. 34.55,11,Bs. 34.84,Bs. 36.75,11,sábado,sábado,11,Bancario,Bs. 37.41
12,Bs. 33.34,Bs. 34.55,12,Bs. 34.90,Bs. 37.07,12,domingo,domingo,12,Bs. 35.62,Bs. 37.40
13,Bs. 33.33,Bs. 34.6,13,Bs. 34.90,Bs. 36.78,13,Bs. 35.37,Bs. 37.11,13,Bs. 35.57,Bs. 37.46
14,Bs. 33.44,Bs. 34.45,14,sábado,sábado,14,Bs. 35.31,Bs. 37.00,14,Bs. 35.62,Bs. 37.36
15,Bs. 33.50,Bs. 34.60,15,domingo,domingo,15,Bs. 35.38,Bs. 36.72,15,Bs. 35.62,Bs. 37.35
16,sábado,sábado,16,Bs. 34.87,Bs. 37.12,16,Bs. 35.41,Bs. 36.70,16,sábado,sábado
17,domingo,domingo,17,Bs. 34.85,Bs. 37.50,17,Bs. 35.43,Bs. 36.72,17,domingo,domingo
18,Bs. 33.66,Bs. 34.97,18,Bs. 34.81,Bs. 37.57,18,sábado,sábado,18,Bs. 35.64,Bs. 37.80
19,Bs. 33.66,Bs. 35.44,19,Bs. 34.86,Bs. 37.63,19,domingo,domingo,19,Bs. 35.65,Bs. 38.10
20,Bs. 33.81,Bs. 35.06,20,Bs. 34.86,Bs. 36.96,20,Bs. 35.48,Bs. 37.12,20,Bs. 35.71,Bs. 38.26
21,Bs. 33.83,Bs. 35.13,21,sábado,sábado,21,Bs. 35.45,Bs. 37.11,21,Bs. 35.73,Bs. 38.10
22,Bs. 33.92,Bs. 35.30,22,domingo,domingo,22,Bs. 35.41,Bs. 37.11,22,Bs. 35.78​,Bs. 38.14
23,sábado,sábado,23,Bs. 34.97,Bs. 37.31,23,Bs. 35.39,Bs. 37.09,23,sábado,sábado
24,domingo,domingo,24,Bs. 34.97,Bs. 37.45,24,Bs. 35.48,Bs. 36.99,24,domingo,domingo
25,Bs. 33.99,Bs. 35.52,25,Bs. 35.02,Bs.37.24,25,sábado,sábado,25,Navidad,Navidad
26,Bs. 34.02,Bs. 35.67,26,Bs. 35.02,Bs. 37.34,26,domingo,domingo,26,Bs. 35.81,Bs. 38.53
27,Bs. 34.09,Bs. 35.54,27,Bs. 35.09,Bs. 37.12,27,Bs. 35.50,Bs. 37.27,27,Bs. 35.78,Bs. 39.73
28,Bs. 34.25,Bs. 35.63,28,sábado,sábado,28,Bs. 35.47,Bs. 37.29,28,Bs. 35.83,Bs. 39.06
29,Bs. 34.30​,Bs. 35.43 ​,29,domingo,domingo,29,Bs. 35.48,Bs. 36.95,29,Bs. 35.87,Bs. 39.13
30,sábado,sábado,30,Bs. 35.12,Bs. 37.02,30,Bs. 35.49​,Bs. 36.95,30,sábado,sábado
,,,31,Bs. 35.12,Bs. 36.51,,,,31,domingo,domingo
Tabla cambiaria diaria 2024,,,,,,,,,,,
Primer cuatrimestre 2024,,,,,,,,,,,
MES DE ENERO,,,MES DE FEBRERO,,,MES DE MARZO,,,MES DE ABRIL,,
DÍA,BCV​,PARALELO,DÍA,BCV​,PARALELO​,DÍA,BCV​,PARALELO,DÍA,BCV​,PARALELO
1,Feriado,Feriado,1,Bs. 36.26​,Bs. 37.09,1,Bs. 36.15,Bs. 38.18,1,Bs. 36.33,Bs. 38.22
2,Bs. 35.95,Bs. 38.30,2,Bs.36.29,Bs. 37.89,2,sábado,sábado,2,Bs. 36.26,Bs. 38.46
3,Bs. 35.86,Bs. 38.77,3,sábado,sábado,3,domingo,domingo,3,Bs. 36.28,Bs. 38.66
4,Bs. 35.94,Bs. 38.68,4,domingo,domingo,4,Bs. 36.08​,Bs. 37.76,4,Bs. 36.28,Bs. 38.60
5,Bs. 35.95,Bs. 38.51,5,Bs. 36.25,Bs. 37.89,5,Bs. 36.09,Bs. 38.05,5,Bs. 36.21,Bs. 38.67
6,sábado,sábado,6,Bs. 36.25,Bs. 37.89,6,Bs. 36.13,Bs. 37.93,6,sábado,sábado
7,domingo,domingo,7,Bs. 36.25,Bs. 37.89,7,Bs. 36.13,Bs. 38.10,7,domingo,domingo
8,Bs. 36.06,Bs. 39.95,8,Bs. 36.25,Bs. 37.78,8,Bs. 36.13,Bs. 38.12,8,Bs.,Bs. 38.37
9,Bs. 35.93,Bs. 38.00,9,Bs. 36.29,Bs. 37.89,9,sábado,sábado,9,Bs. 36.18,Bs. 38.54
10,Bs.,Bs. 37.91,10,sábado,sábado,10,domingo,domingo,10,Bs. 36.22,Bs. 38.72
11,Bs.,Bs. 38.22,11,domingo,domingo,11,Bs.,Bs. 37.75,11,Bs. 36.18,Bs. 38.80
12,Bs. 35.96,Bs. 38.38,12,Feriado,Feriado,12,Bs.,Bs. 37.87,12,Bs. 36.28​,Bs. 38.91
13,sábado,sábado,13,Feriado,Feriado,13,Bs. 36.23,Bs. 37.89,13,sábado,sábado
14,domingo,domingo,14,Bs. 36.32,Bs. 37.28,14,Bs. 36.26,Bs. 38.00,14,domingo,domingo
15,Bs. 35.96,Bs. 38.00,15,Bs. 36.26,Bs. 37.28,15,Bs. 36.26,Bs. 37.88,15,Bs.,Bs. 38.64
16,Bs. 35.97,Bs. 38.30,16,Bs.,Bs. 37.52,16,sábado,sábado,16,Bs. 36.28,Bs. 38.74
17,Bs. 36.04,Bs.38.38,17,sábado,sábado,17,domingo,domingo,17,Bs. 36.29,Bs.39.20
18,Bs. 36.07,Bs. 38.47,18,domingo,domingo,18,Bs. 36.26,Bs. 38.10,18,Bs. 36.29,Bs. 40.10
19,Bs. 36.13,Bs. 38.92,19,Bs. 36.26,Bs. 38.03,19,Bs. 36.26,Bs. 38.37,19,feriado,feriado
20,sábado,sábado,20,Bs.35.23,Bs. 36.24,20,Bs. 36.26,Bs. 38.38,20,sábado,sábado
21,domingo,domingo,21,Bs. 35.27,Bs. 36.30,21,Bs. 36.26,Bs. 38.54,21,domingo,domingo
22,Bs. 36.13,Bs. 38.18,22,Bs.36.23,Bs. 38.13,22,Bs.,Bs.,22,Bs.,Bs. 39.31
23,Bs. 36.11,Bs. 38.12,23,Bs. 36.23,Bs. 38.42,23,sábado,sábado,23,Bs. 36.35,Bs. 39.21
24,Bs. 36.13,Bs. 38.19,24,sábado,sábado,24,domingo,domingo,24,Bs. 36.38,Bs. 39.45
25,Bs. 36.11,Bs. 38.26,25,domingo,domingo,25,Bs.,Bs. 38.57,25,"Bs. 36,42",Bs. 39.81
26,Bs.,Bs.,26,Bs. 36.05,Bs. 38.37,26,Bs. 36.30,Bs. 38.62,26,Bs.36.43,Bs. 40.10
27,sábado,sábado,27,Bs. 36.07,Bs. 38.59,27,Bs. 36.33,Bs. 38.77,27,sábado,sábado
28,domingo,domingo,28,Bs. 36.09,Bs. 38.20,28,Jueves Santo,Jueves Santo,28,domingo,domingo
29,Bs. 36.13,Bs. 38.01,29,Bs. 36.13,Bs. 38.26,29,Viernes Santo,Viernes Santo,29,Bs.,Bs. 39.21
30,Bs. 36.14,Bs. 37.89,,,,30,sábado,sábado,30,Bs. 36.42​,Bs. 39.11​
31,Bs. 36.20,Bs. 38.18,,,,31,domingo,domingo,31,,
Segundo cuatrimestre 2024,,,,,,,,,,,
MES DE MAYO,,,MES DE JUNIO,,,MES DE JULIO,,,MES DE AGOSTO,,
DÍA,BCV​,PARALELO,DÍA,BCV​,PARALELO​,DÍA,BCV​,PARALELO,DÍA,BCV​,PARALELO
1,Feriado,Bs. 39.26,1,sábado,sábado,1,Bs. 36.44,Bs.40.03,1,Bs. 36.63,Bs. 41.98
2,Bs. 36.47,Bs. 39.40,2,domingo,domingo,2,Bs. 36.45,Bs. 40.34,2,Bs. 36.64,Bs. 41.85
3,Bs. 36.50,Bs. 39.21,3,Bs. 36.53,Bs. 39.75,3,Bs. 36.46,Bs.40.88,3,sábado,sábado
4,sábado,sábado,4,Bs. 36.53,Bs. 39.42,4,Bs. 36.47,Bs. 41.07,4,domingo,domingo
5,domingo,domingo,5,Bs. 36.54,Bs. 39.96,5,Bs. 36.48,Bs.,5,Bs. 36.64,Bs. 41.60
6,Bs. 36.50,Bs. 39.18,6,Bs. 36.58,Bs. 40.22,6,sábado,sábado,6,Bs. 36.65,Bs.41.76
7,Bs. 36.57,Bs. 39.27,7,Bs. 36.42,Bs. 39.79,7,domingo,domingo,7,Bs. 36.66,Bs. 41.65
8,Bs. 36.56,Bs. 39.42,8,sábado,sábado,8,Bs. 36.51,Bs. 40.32,8,Bs. 36.68,Bs. 41.57
9,Bs. 36.56,Bs. 39.58,9,domingo,domingo,9,Bs. 36.48,Bs. 40.65,9,Bs. 36.66,Bs. 41.77
10,Bs. 36.58,Bs. 39.59,10,Bs. 36.47,Bs. 39.60,10,Bs. 36.50,Bs. 40.63,10,sábado,sábado
11,sábado,sábado,11,Bs. 36.45,Bs. 39.83,11,Bs. 36.51,Bs. 41.04,11,domingo,domingo
12,domingo,domingo,12,Bs. 36.43,Bs. 39.87,12,Bs. 36.53,Bs. 40.87,12,Bs. 36.66,Bs. 41.24
13,Bs. 36.59,Bs.,13,Bs. 36.44,Bs. 39.94,13,sábado,sábado,13,Bs. 36.63,Bs. 41.56
14,Bs. 36.61,Bs. 39.26,14,Bs. 36.42,Bs. 39.80,14,domingo,domingo,14,Bs. 36.35,Bs. 41.68
15,Bs. 36.59,Bs. 39.61,15,sábado,sábado,15,Bs. 36.50,Bs 40.68,15,Bs. 36.61,Bs. 41.67
16,Bs. 36.60,Bs. 39.68,16,domingo,domingo,16,Bs. 36.50,Bs. 40.80,16,Bs. 36.67,Bs. 41.94
17,Bs. 36.62,Bs. 39.76,17,Bs. 36.42,Bs. 39.76,17,Bs.36.50,Bs. 40.92,17,sábado,sábado
18,sábado,sábado,18,Bs. 36.41,Bs. 40.39,18,Bs. 36.54,Bs. 41.11,18,domingo,domingo
19,domingo,domingo,19,Bs. 36.39,Bs. 41.42,19,Bs. 36.54,Bs. 41.31,19,Bs.,Bs. 42.10
20,Bs.,Bs. 39.81,20,Bs. 36.37,Bs. 41.38,20,sábado,sábado,20,Bs. 36.67,Bs. 42.02
21,Bs. 36.57,Bs. 40.03,21,Bs. 36.37,Bs. 40.60,21,domingo,domingo,21,Bs. 36.68,Bs. 42.45
22,Bs. 36.55,Bs. 40.40,22,sábado,sábado,22,Bs. 36.54,Bs. 41.08,22,Bs. 36.68,Bs. 43.11
23,Bs. 36.54,Bs. 40.74,23,domingo,domingo,23,Bs. 36.55,Bs. 41.38,23,Bs. 36.69,Bs. 43.42
24,Bs. 36.52,Bs. 40.59,24,Feriado,Feriado,24,Bs. 36.55,Bs. 41.83,24,sábado,sábado
25,sábado,sábado,25,Bs. 36.37,Bs. 40.10,25,Bs. 36.56,Bs. 41.91,25,domingo,domingo
26,domingo,domingo,26,Bs. 36.36,Bs. 40.58,26,Bs. 36.58,Bs. 42.50,26,Bs. 36.55,Bs. 42.85
27,Bs. 36.51,Bs. 40.36,27,Bs.36.38,Bs. 40.25,27,sábado,sábado,27,Bs. 36.56,Bs. 43.79
28,Bs. 36.51,Bs. 40.73​,28,Bs. 36.40​,Bs. 40.19,28,domingo,domingo,28,Bs. 36.58,Bs. 44.50
29,Bs. 36.51,Bs. 41.10,29,sábado,sábado,29,Bs. 36.58,Bs. 42.98,29,Bs. 36.59,Bs. 44.17
30,Bs. 36.51,Bs. 40.51,30,domingo,domingo,30,Bs. 36.60,Bs. 42.35,30,Bs. 36.62,Bs. 42.50
31,Bs. 36.53,Bs.,,,,31,Bs. 36.60,Bs. 42.24,31,sábado,sábado
Tercer cuatrimestre 2024,,,,,,,,,,,
MES DE SEPTIEMBRE,,,MES DE OCTUBRE,,,MES DE NOVIEMBRE,,,MES DE DICIEMBRE,,
DÍA,BCV​,PARALELO,DÍA,BCV​,PARALELO​,DÍA,BCV​,PARALELO,DÍA,BCV​,PARALELO
1,domingo,domingo,1,Bs. 36.92,Bs. 43.98,1,Bs. 42.71,Bs. 50.85,1,domingo,domingo
2,Bs. 36.62,Bs. 42.06,2,Bs. 36.91,Bs. 44.65,2,sábado,sábado,2,Bs. 47.60,Bs. 56.20
3,Bs. 36.63,Bs. 43.25,3,Bs. 36.98,Bs. 45.29,3,domingo,domingo,3,Bs. 47.72,Bs. 57.30
4,Bs. 36.63,Bs. 44.02,4,Bs. 36.98,Bs. 44.73,4,Feriado,Bs. 50.85,4,Bs. 47.85,Bs. 57.62
5,Bs. 36.64,Bs. 43.57,5,sábado,sábado,5,Bs. 42.85,Bs. 51.18,5,Bs. 48.11,Bs. 57.71
6,Bs. 36.68,Bs. 42.86,6,domingo,domingo,6,Bs. 43.45,Bs. 52.40,6,Bs. 48.32,Bs. 56.84
7,sábado,sábado,7,Bs. 37.03,Bs. 45.09,7,Bs. 43.78,Bs. 52.41,7,sábado,sábado
8,domingo,domingo.,8,Bs. 37.03,Bs. 45.84,8,Bs. 44.18,Bs. 51.80,8,domingo,domingo
9,Bs. 36.69,Bs. 43.15,9,Bs. 37.07,Bs.46.99,9,sábado,sábado,9,Bs. 48.79,Bs. 56.77
10,Bs. 36.68,Bs. 43.80,10,Bs. 37.52,Bs. 47.53,10,domingo,domingo.,10,Bs. 48.87,Bs. 57.94
11,Bs. 36.70,Bs. 44.08,11,Bs. 37.65,Bs. 47.55​,11,Bs. 44.70,Bs. 51.71,11,Bs. 49.11,Bs. 57.87
12,Bs. 36.73,Bs. 43.75,12,sábado,sábado,12,Bs. 44.75,Bs. 52.74,12,Bs. 49.47,Bs. 57.95
13,Bs. 36.74,Bs. 43.14,13,domingo,domingo,13,Bs. 44.93,Bs. 53.22,13,Bs. 49.90,Bs. 58.00
14,sábado,sábado,14,Bs. 38.88,Bs. 46.17,14,Bs. 45.05​,Bs. 53.37,14,sábado,sábado
15,domingo,domingo,15,Bs. 38.88,Bs. 46.81,15,Bs. 45.50,Bs. 53.19,15,domingo,domingo
16,Bs. 36.74,Bs. 42.83,16,Bs. 38.91,Bs. 46.71,16,sábado,sábado,16,Bs. 50.33,Bs. 59.20
17,Bs. 36.78,Bs. 42.75,17,Bs. 39.01,Bs. 47.05,17,domingo,domingo,17,Bs. 50.37,Bs. 61.25
18,Bs. 36.77,Bs. 43.84,18,Bs. 39.13,Bs. 47.21,18,Bs. 45.50,Bs. 54.41,18,Bs. 50.54,Bs. 62.55
19,Bs. 36.77,Bs. 44.05,19,sábado,sábado,19,Bs. 45.78,Bs. 55.20,19,Bs. 50.95​,Bs. 64.76
20,Bs. 36.80,Bs. 43.90,20,domingo,domingo,20,Bs. 45.84,Bs. 56.96,20,Bs. 51.35,Bs. 64.90
21,sábado,sábado,21,Bs. 39.16,Bs. 47.35,21,Bs. 46.09,Bs. 56.82,21,sábado,sábado
22,domingo,domingo,22,Bs. 39.18,Bs. 47.85,22,Bs. 46.32,Bs. 56.50,22,domingo,domingo
23,Bs. 36.83,Bs. 43.60,23,Bs. 39.32,Bs. 49.20,23,sábado,sábado,23,Bs. 51.53,Bs. 63.40
24,Bs. 36.81,Bs. 44.15,24,Bs. 39.46,Bs. 49.58,24,domingo,domingo,24,Bs. 51.64,Bs. 63.40
25,Bs. 36.81,Bs. 44.45,25,Bs. 40.88​,Bs. 49.12,25,Bs. 46.61,Bs. 56.71,25,feriado,feriado
26,Bs. 36.85,Bs. 44.18,26,sábado,sábado,26,Bs. 46.64,Bs. 57.83,26,Bs. 51.64,Bs. 66.99
27,Bs. 36.86,Bs. 44.05,27,domingo,domingo,27,Bs. 46.75,Bs. 58.32,27,Bs. 51.76,Bs. 69.13
28,sábado,sábado,28,Bs. 41.04,Bs. 49.34,28,Bs. 46.85,Bs. 57.66,28,sábado,sábado
29,domingo,domingo,29,Bs. 41.73,Bs. 51.09,29,Bs. 47.31​,Bs. 56.59,29,domingo,domingo
30,Bs. 36.90,Bs. 42.78,30,Bs. 42.22​,Bs. 52.30,30,sábado,sábado,30,Bs. 51.93​,Bs. 66.25
,,,31,Bs. 42.56,Bs. 52.43,,,,31,feriado,Bs. 66.25
,,,,,,,,,,,
Primer cuatrimestre 2025,,,,,,,,,,,
MES DE ENERO,,,MES DE FEBRERO,,,MES DE MARZO,,,MES DE ABRIL,,
DÍA,BCV​,PARALELO,DÍA,BCV​,PARALELO,DÍA,BCV​,PARALELO,DÍA,BCV​,PARALELO
1,Feriado,Feriado,1,sábado,sábado,1,sábado,sábado,1,Bs. 69.78,Bs. 101.60
2,52.03​,66.89,2,domingo,domingo,2,domingo,domingo,2,Bs. 70.01,Bs. 103.93
3,Bs. 52.57,Bs. 66.93,3,58.44​,69.35,3,Carnaval,Carnaval,3,Bs. 70.25,Bs. 99.47
4,sábado,sábado,4,Bs. 58.54,Bs. 71.31,4,Carnaval,Carnaval,4,Bs. 70.59,Bs. 97.4
5,domingo,domingo,5,Bs. 58.79,Bs. 72.18,5,Bs. 64.48,Bs. 77.88,5,sábado,sábado
6,Bs. 53.01,Bs. 65.77,6,Bs. 59.46,Bs. 72.19,6,Bs. 64.61,Bs. 80.30,6,domingo,domingo
7,Bs. 53.01,Bs. 64.22,7,Bs. 60.14,Bs. 72.18,7,Bs. 64.74,Bs. 78.65,7,Bs. 72.18,Bs. 97.75
8,Bs. 53.07,Bs. 66.89,8,sábado,sábado,8,sábado,sábado,8,Bs. 73.36​,Bs. 104.67
9,Bs. 53.28,Bs. 67.57,9,domingo,domingo,9,domingo,domingo,9,Bs. 74.27,Bs. 104.35
10,Bs. 53.85,Bs. 68.23,10,Bs. 60.52,Bs. 72.54,10,Bs. 65.26,Bs. 79.19,10,Bs. 75.80,Bs. 99.80
11,sábado,sábado,11,Bs. 60.54,Bs. 74.27,11,Bs. 65.41,Bs. 80.91,11,Bs. 77.26,Bs. 101.09
12,domingo,domingo,12,Bs. 61.02,Bs. 76.00,12,Bs. 65.62,Bs. 79.82,12,sábado,sábado
13,Bs. 53.85,Bs. 65.97,13,Bs. 61.34,Bs. 76.96,13,Bs. 66.25,Bs. 80.38,13,domingo,domingo
14,Bs. 53.88 ​,Bs. 65.10,14,Bs. 61.82,Bs. 76.01,14,Bs. 66.43,Bs. 80.12,14,Bs. 78.36,Bs. 99.67
15,Bs. 53.96,Bs. 65.74,15,sábado,sábado,15,sábado,sábado,15,Bs. 78.59,Bs. 100.64
16,Bs. 54.36,Bs. 64.72,16,domingo,domingo,16,domingo,domingo,16,Bs. 79.78,Bs. 100.37
17,Bs. 54.76,Bs. 64.71,17,Bs. 62.07,Bs. 77.22,17,Bs. 66.55,Bs. 81.37,17,Jueves Santo,Jueves Santo
18,sábado,sábado,18,Bs. 62.09,Bs. 79.51,18,Bs. 66.78,Bs. 84.45,18,Viernes Santo,Viernes Santo
19,domingo,domingo,19,Bs. 62.18,Bs. 80.99,19,Bs. 67.34,Bs. 87.65,19,sábado,sábado
20,Bs. 54.91,Bs. 64.27,20,Bs. 62.51,Bs. 79.50,20,Bs. 67.63,Bs. 87.85,20,domingo,domingo
21,Bs. 54.98,Bs. 65.48,21,Bs. 63.20,Bs. 78.99,21,Bs. 67.86,Bs. 88.09,21,Bs. 80.95,Bs. 103.06
22,Bs. 55.29,Bs. 66.81,22,sábado,sábado,22,sábado,sábado,22,Bs. 81.76,Bs. 104.12
23,Bs. 55.76,Bs. 67.00,23,domingo,domingo,23,domingo,domingo,23,Bs. 82.38,Bs. 106.18
24,Bs. 56.28,Bs. 66.44,24,Bs. 63.41,Bs. 79.62,24,Bs. 68.31,Bs. 89.86,24,Bs. 83.42,Bs. 104.40
25,sábado,sábado,25,Bs. 63.49,Bs. 81.56,25,Bs. 68.39,Bs. 95.60,25,Bs. 84.42,Bs. 104.96
26,domingo,domingo,26,Bs. 64.02,Bs. 82.47,26,Bs. 68.69,Bs. 102.96,26,sábado,sábado
27,Bs. 56.65,Bs. 66.45,27,Bs. 64.24,Bs. 80.24,27,Bs. 69.01,Bs. 106.93,27,domingo,domingo
28,Bs. 56.85,Bs. 68.43,28,Bs. 64.24,Bs. 79.35,28,Bs. 69.43,Bs. 101.59,28,Bs. 86.11,Bs. 106.05
29,Bs. 57.29,Bs. 69.80,,,,29,sábado,sábado,29,Bs. 86.66,Bs. 110.71
30,Bs. 57.39,Bs. 69.54,,,,30,domingo,domingo,30,Bs. 86.84,Bs. 108.90​
31,Bs. 57.96,Bs. 68.34,,,,31,Bs. 69.56​,Bs. 99.00,,,
Segundo cuatrimestre 2025,,,,,,,,,,,
MES DE MAYO,,,MES DE JUNIO,,,MES DE JULIO,,,MES DE AGOSTO,,
DÍA,BCV​,PARALELO,DÍA,BCV​,PARALELO,DÍA,BCV​,PARALELO,DÍA,BCV​,PARALELO
1,Feriado,Bs. 108.53,1,domingo,domingo,1,Bs. 108.18,Bs. 140.65,1,"Bs. 125,42","Bs. 165,10"
2,Bs. 87.56,Bs. 109.2,2,feriado,Bs. 132.45,2,Bs. 108.97,Bs. 141.55,2,sábado,sábado
3,sábado,sábado,3,Bs. 97.31,Bs. 126.67,3,Bs. 109.77,Bs. 141.97,3,domingo,domingo
4,domingo,domingo,4,Bs. 97.41,Bs. 137.00,4,Bs. 110.55,Bs. 142.77,4,"Bs. 126,28","Bs. 165,99"
5,Bs. 88.64,Bs. 112.30,5,Bs. 97.90,Bs. 139.90,5,sábado,sábado,5,"Bs. 127,10","Bs. 173,25"
6,Bs. 88.72,Bs. 113.82,6,Bs. 98.51,Bs. 138.00,6,domingo,domingo,6,"Bs. 128,24","Bs. 173,25"
7,Bs. 91.21,Bs. 115.01,7,sábado,sábado,7,Bs. 111.41,Bs. 139.73,7,"Bs. 129,05","Bs. 185,57"
8,Bs. 91.91,Bs. 117.0,8,domingo,domingo,8,Bs. 112.12,Bs. 143.21,8,"Bs. 130,06","Bs. 184,23"
9,Bs. 92.83,Bs. 114.45,9,Bs. 99.06,Bs. 130.24,9,Bs. 112.82,Bs. 145.04,9,sábado,sábado
10,sábado,sábado,10,Bs. 99.12,Bs. 132.73,10,Bs. 113.75,Bs. 146.83,10,domingo,domingo
11,domingo,domingo,11,Bs. 99.69,Bs. 131.64,11,Bs. 114.41,Bs. 148.01,11,"Bs. 131,12","Bs. 185,43"
12,Bs. 93.05,Bs. 115.2,12,Bs. 100.33,Bs. 133.57,12,sábado,sábado,12,"Bs. 132,30","Bs. 186,56"
13,Bs. 93.06,Bs. 119.4,13,Bs. 101.08,Bs. 132.83,13,domingo,domingo,13,"Bs. 133,51","Bs. 190,84"
14,Bs. 93.58,Bs. 119.82,14,sábado,sábado,14,Bs. 115.32,Bs. 149.76,14,"Bs. 134,48","Bs. 190,79"
15,Bs. 94.15,Bs. 118.02,15,domingo,domingo,15,Bs. 115.84,Bs.150.47,15,"Bs. 135,63","Bs. 192,0"
16,Bs. 94.32,"Bs. 119,17",16,Bs. 101.08,Bs. 133.85,16,Bs. 116.81,Bs. 150.95,16,sábado,sábado
17,sábado,sábado,17,Bs. 102.15,Bs. 134.80,17,Bs. 117.40,Bs. 151.48,17,domingo,domingo
18,domingo,domingo,18,Bs. 102.80,Bs. 138.99,18,Bs. 118.28,Bs. 152.33,18,"Bs. 136,89","Bs. 199,61"
19,Bs. 94.76,Bs. 125.80,19,Bs. 103.73,Bs. 139.52,19,sábado,sábado,19,"Bs. 136,89","Bs. 201,18"
20,Bs. 94.80,Bs. 130.08,20,Bs. 104.54,Bs. 138.79,20,domingo,domingo,20,"Bs. 138,12","Bs. 205,08"
21,Bs. 94.86,Bs. 131.46,21,sábado,sábado,21,Bs. 119.14,Bs. 151.87,21,"Bs. 139,40","Bs. 217,99"
22,Bs. 94.97,Bs. 133.34,22,domingo,domingo,22,Bs. 119.66,Bs. 159.57,22,"Bs. 140,66","Bs224,87"
23,Bs. 95.01,Bs. 133.15,23,Bs. 104.54,Bs. 140.19,23,Bs. 120.42,Bs. 163.94,23,sábado,sábado
24,sábado,sábado,24,Bs. 104.54,Bs. 140.44,24,Bs. 121.34,Bs. 164.66,24,domingo,domingo
25,domingo,domingo,25,Bs. 105.45,Bs. 140.49,25,Bs. 121.35,Bs. 161.28,25,"Bs. 141,88","Bs. 214,75"
26,Bs. 95.08,Bs. 135.26,26,Bs. 106.16,Bs. 141.91,26,sábado,sábado,26,"Bs. 143,03","Bs. 217,05"
27,Bs. 95.23,Bs. 142.40,27,Bs. 106.86,"Bs. 140,58",27,domingo,domingo,27,"Bs. 144,37","Bs. 216,74"
28,Bs. 95.81,Bs. 141.80,28,sábado,sábado,28,Bs. 122.17,Bs. 163.09,28,"Bs. 145,74","Bs. 217,97"
29,Bs. 96.53,Bs. 138.63,29,domingo,domingo,29,Bs. 122.84,"Bs. 165,88",29,"Bs. 147,08","Bs. 207,33"
30,Bs. 96.85​,Bs. 135.75,30,Bs. 107.62,Bs. 140.23,30,"Bs. 123,87","Bs. 166,10",30,sábado,sábado
31,sábado,sábado,,,,31,Bs. 124.51,"Bs. 164,83",31,domingo,domingo
,,,,,,,,,,,
,,,,,,,,,,,
Tercer cuatrimestre 2025,,,,,,,,,,,
MES DE SEPTIEMBRE,,,MES DE OCTUBRE,,,MES DE NOVIEMBRE,,,MES DE DICIEMBRE,,
DÍA,BCV​,PARALELO,DÍA,BCV​,PARALELO,DÍA,BCV​,PARALELO,DÍA,BCV​,PARALELO
1,"Bs. 148,44","Bs. 210,33",1,Bs. 179.43,Bs. 291.57,1,sábado,sábado,1,Bs. 247.30​,Bs. 378.50
2,"Bs. 149,46","Bs. 213,76",2,Bs. 181.30,Bs. 292.81,2,domingo,domingo,2,Bs. 247.40,Bs. 390.24
3,"Bs. 150,79","Bs. 214,52",3,Bs. 183.13,Bs. 293.32,3,"Bs. 223,96",Bs. 305.59,3,Bs. 249.19,Bs. 403.48
4,"Bs. 151,76","Bs. 219,87",4,sábado,sábado,4,"Bs. 224,37",Bs. 314.67,4,Bs. 251.88,Bs. 418.79
5,"Bs. 152,82","Bs. 218,11",5,domingo,domingo,5,"Bs. 226,13",Bs. 317.22,5,Bs. 254.87,Bs. 430.53
6,sábado,sábado,6,Bs. 185.39,Bs. 293.54,6,Bs. 227.55,Bs. 321.57,6,sábado,sábado
7,domingo,domingo,7,Bs. 187.28,Bs. 300.93,7,Bs. 228.47,Bs. 320.56,7,domingo,domingo
8,Bs. 154.01,Bs. 225.95,8,Bs. 189.25,Bs. 304.89,8,sábado,sábado,8,Bs. 257.92,Bs. 427.88
9,Bs. 154.98,Bs. 227.62,9,Bs. 191.36,Bs. 304.35,9,domingo,domingo,9,Bs. 257.92,Bs. 425.88
10,Bs. 156.37,Bs. 236.24,10,Bs. 193.29,Bs. 300.19,10,"Bs. 231,04",Bs. 320.24,10,Bs. 262.10,Bs.430.99
11,Bs. 157.72,Bs. 244.62,11,sábado,sábado,11,Bs. 231.09,Bs. 327.99,11,Bs. 265.06,Bs. 433.57
12,Bs. 158.92,Bs. 241.68,12,domingo,domingo,12,Bs. 233.04,Bs. 338.28,12,Bs. 267.64,Bs. 432.89
13,sábado,sábado,13,Bs. 195.24,Bs. 298.12,13,Bs. 233.55,Bs. 342.92,13,sábado,sábado
14,domingo,domingo,14,Bs. 197.24,Bs. 299.86,14,Bs. 234.87,Bs. 333.70,14,domingo,domingo
15,Bs. 160.44,Bs. 247.98,15,Bs. 199.10,Bs. 297.09,15,sábado,sábado,15,Bs. 270.78​,Bs. 429.06
16,Bs. 160.44,Bs. 243.39,16,Bs. 201.46,Bs. 297.28,16,domingo,domingo,16,Bs. 273.58,Bs. 438.00
17,Bs. 161.88,Bs. 263.57,17,Bs. 203.74,Bs. 301.92,17,Bs. 236.46,Bs. 337.87,17,Bs. 276.57,Bs. 449.00
18,Bs. 163.64,Bs. 264.39,18,sábado,sábado,18,Bs. 236.83,Bs. 345.53,18,Bs. 279.56,Bs. 476.00
19,Bs. 165.41,Bs. 265.51,19,domingo,domingo,19,Bs. 237.75,Bs. 345.44,19,Bs. 282.51​,Bs. 497.00
20,sábado,sábado,20,Bs. 205.67,Bs. 306.84,20,Bs. 240.32,Bs. 348.73,20,sábado,sábado
21,domingo,domingo,21,feriado,feriado,21,Bs. 241.57,Bs. 248.57,21,domingo,domingo
22,Bs. 166.58,Bs. 267.33,22,Bs. 210.28,Bs. 311.22,22,sábado,sábado,22,Bs. 285.40,Bs. 488.00
23,Bs. 168.41,Bs. 270.71,23,Bs. 212.48,Bs. 310.66,23,domingo,domingo,23,Bs. 288.44,Bs. 493.00
24,Bs. 169.97,Bs. 282.07,24,Bs. 214.41,Bs. 311.44,24,Bs. 243.11,Bs. 354.84,24,Bs. 291.35,"Bs. 496,00"
25,Bs. 171.94,Bs. 297.99,25,sábado,sábado,25,Bs. 243.11,Bs. 357.57,25,Navidad,Bs. Navidad
26,Bs. 173.73,Bs. 299.29,26,domingo,domingo,26,Bs. 243.57,Bs. 379.18,26,Bs. 291.35,Bs. 514.00
27,sábado,sábado,27,Bs. 216.37,Bs. 308.87,27,Bs. 244.65,Bs. 382.57,27,sábado,sábado
28,domingo,domingo,28,"Bs. 218,17",Bs. 314.33,28,Bs. 245.67,Bs. 372.47,28,domingo,domingo
29,Bs. 175.64,Bs. 285.25,29,"Bs. 219,87",Bs. 313.24,29,sábado,sábado,29,Bs. 294.96,Bs. 554.00
30,Bs. 177.61,Bs. 288.50,30,"Bs221,74",Bs. 310.86,30,domingo,domingo,30,Bs. 298.14​,Bs. 572.00
,,,31,"Bs223,64",Bs. 308.10,,,,31,Bs. 301.37​,Bs. 587.00